{"experiment": [{"rotation_angle": 0, "trial_type": "pause", "terminal_feedback_time": 0.5, "final_rotation_angle": 0, "num_targets": 3, "NUM_TRIAL_GRADUAL_MIN": 3, "target_distance_ratio": 1.0, "task_name": "base_begin", "terminal_multiplier": 1.025, "num_trials": 3, "min_angle": 40, "pause_instruction": "Please ensure that you have read and agree to the informed consent form before beginning. Press the space bar to begin the training.", "terminal_feedback": false, "pausetime": 2, "rotation_angle_direction": "Counter-clockwise", "poll_type": "x11", "rotation_change_type": "abrupt", "pause_button_wait": true, "rotation_direction": 1, "max_angle": 140}, {"rotation_angle": 0, "trial_type": "pause", "terminal_feedback_time": 0.5, "final_rotation_angle": 0, "num_targets": 3, "NUM_TRIAL_GRADUAL_MIN": 3, "target_distance_ratio": 1.0, "terminal_multiplier": 1.025, "pause_button_wait": true, "pause_instruction": "Use your left hand and the digital pen to reach each target onscreen.", "min_angle": 40, "num_trials": 3, "terminal_feedback": false, "pausetime": 0, "rotation_angle_direction": "Counter-clockwise", "poll_type": "x11", "rotation_change_type": "abrupt", "task_name": "base_instruct_ld", "rotation_direction": 1, "max_angle": 140}, {"rotation_angle": 0, "trial_type": "cursor", "terminal_feedback_time": 0.5, "final_rotation_angle": 0, "num_targets": 3, "NUM_TRIAL_GRADUAL_MIN": 3, "target_distance_ratio": 1.0, "task_name": "base_ld", "terminal_multiplier": 1.025, "num_trials": 24, "min_angle": 40, "pause_instruction": "", "terminal_feedback": false, "pausetime": 5, "rotation_angle_direction": "Counter-clockwise", "poll_type": "x11", "rotation_change_type": "abrupt", "pause_button_wait": false, "rotation_direction": 1, "max_angle": 140}, {"rotation_angle": 0, "trial_type": "pause", "terminal_feedback_time": 0.5, "final_rotation_angle": 0, "num_targets": 3, "NUM_TRIAL_GRADUAL_MIN": 3, "target_distance_ratio": 1.0, "terminal_multiplier": 1.025, "pause_button_wait": true, "pause_instruction": "Use your right hand and the mouse to reach each target onscreen.", "min_angle": 40, "num_trials": 3, "terminal_feedback": false, "pausetime": 0, "rotation_angle_direction": "Counter-clockwise", "poll_type": "x11", "rotation_change_type": "abrupt", "task_name": "base_instruct_rm", "rotation_direction": 1, "max_angle": 140}, {"rotation_angle": 0, "trial_type": "cursor", "terminal_feedback_time": 0.5, "final_rotation_angle": 0, "num_targets": 3, "NUM_TRIAL_GRADUAL_MIN": 3, "target_distance_ratio": 1.0, "task_name": "base_rm", "terminal_multiplier": 1.025, "num_trials": 24, "min_angle": 40, "pause_instruction": "", "terminal_feedback": false, "pausetime": 5, "rotation_angle_direction": "Counter-clockwise", "poll_type": "x11", "rotation_change_type": "abrupt", "pause_button_wait": false, "rotation_direction": 1, "max_angle": 140}, {"rotation_angle": 0, "trial_type": "pause", "terminal_feedback_time": 0.5, "final_rotation_angle": 0, "num_targets": 3, "NUM_TRIAL_GRADUAL_MIN": 3, "target_distance_ratio": 1.0, "terminal_multiplier": 1.025, "pause_button_wait": true, "pause_instruction": "Use your left hand and the mouse to reach each target onscreen.", "min_angle": 40, "num_trials": 3, "terminal_feedback": false, "pausetime": 0, "rotation_angle_direction": "Counter-clockwise", "poll_type": "x11", "rotation_change_type": "abrupt", "task_name": "base_instruct_lm", "rotation_direction": 1, "max_angle": 140}, {"rotation_angle": 0, "trial_type": "cursor", "terminal_feedback_time": 0.5, "final_rotation_angle": 0, "num_targets": 3, "NUM_TRIAL_GRADUAL_MIN": 3, "target_distance_ratio": 1.0, "task_name": "base_lm", "terminal_multiplier": 1.025, "num_trials": 24, "min_angle": 40, "pause_instruction": "", "terminal_feedback": false, "pausetime": 5, "rotation_angle_direction": "Counter-clockwise", "poll_type": "x11", "rotation_change_type": "abrupt", "pause_button_wait": false, "rotation_direction": 1, "max_angle": 140}, {"rotation_angle": 0, "trial_type": "pause", "terminal_feedback_time": 0.5, "final_rotation_angle": 0, "num_targets": 3, "NUM_TRIAL_GRADUAL_MIN": 3, "target_distance_ratio": 1.0, "terminal_multiplier": 1.025, "pause_button_wait": true, "pause_instruction": "Use your right hand and the digital pen to reach each target onscreen.", "min_angle": 40, "num_trials": 3, "terminal_feedback": false, "pausetime": 0, "rotation_angle_direction": "Counter-clockwise", "poll_type": "x11", "rotation_change_type": "abrupt", "task_name": "base_instruct_rd", "rotation_direction": 1, "max_angle": 140}, {"rotation_angle": 0, "trial_type": "cursor", "terminal_feedback_time": 0.5, "final_rotation_angle": 0, "num_targets": 3, "NUM_TRIAL_GRADUAL_MIN": 3, "target_distance_ratio": 1.0, "task_name": "base_rd", "terminal_multiplier": 1.025, "num_trials": 24, "min_angle": 40, "pause_instruction": "", "terminal_feedback": false, "pausetime": 5, "rotation_angle_direction": "Counter-clockwise", "poll_type": "x11", "rotation_change_type": "abrupt", "pause_button_wait": false, "rotation_direction": 1, "max_angle": 140}, {"rotation_angle": 0, "trial_type": "pause", "terminal_feedback_time": 0.5, "final_rotation_angle": 0, "pause_button_wait": false, "num_targets": 3, "NUM_TRIAL_GRADUAL_MIN": 3, "target_distance_ratio": 1.0, "terminal_multiplier": 1.025, "num_trials": 3, "min_angle": 40, "pause_instruction": "Training has been completed. Please press the spacebar to continue with the experiment.", "terminal_feedback": false, "pausetime": 2, "rotation_angle_direction": "Counter-clockwise", "poll_type": "x11", "rotation_change_type": "abrupt", "task_name": "expr_begin", "rotation_direction": 1, "max_angle": 140}, {"rotation_angle": 0, "trial_type": "pause", "poll_type": "x11", "terminal_feedback_time": 0.5, "final_rotation_angle": 0, "num_targets": 3, "pause_button_wait": true, "target_distance_ratio": 1.0, "terminal_multiplier": 1.025, "NUM_TRIAL_GRADUAL_MIN": 3, "min_angle": 40, "pause_instruction": "Use your left hand and the digital pen to reach each target onscreen.", "terminal_feedback": false, "pausetime": 0, "rotation_angle_direction": "Counter-clockwise", "num_trials": 3, "rotation_change_type": "abrupt", "task_name": "expr_instruct_ld", "rotation_direction": 1, "max_angle": 140}, {"rotation_angle": 0, "trial_type": "cursor", "terminal_feedback_time": 0.5, "final_rotation_angle": 0, "pause_button_wait": false, "num_targets": 3, "NUM_TRIAL_GRADUAL_MIN": 3, "target_distance_ratio": 1.0, "terminal_multiplier": 1.025, "num_trials": 12, "min_angle": 40, "pause_instruction": "", "terminal_feedback": false, "pausetime": 5, "rotation_angle_direction": "Counter-clockwise", "poll_type": "x11", "rotation_change_type": "abrupt", "task_name": "washout1", "rotation_direction": 1, "max_angle": 140}, {"rotation_angle": 50, "trial_type": "cursor", "terminal_feedback_time": 0.5, "final_rotation_angle": 0, "pause_button_wait": false, "num_targets": 3, "NUM_TRIAL_GRADUAL_MIN": 3, "target_distance_ratio": 1.0, "terminal_multiplier": 1.025, "num_trials": 45, "min_angle": 40, "pause_instruction": "", "terminal_feedback": false, "pausetime": 5, "rotation_angle_direction": "Counter-clockwise", "poll_type": "x11", "rotation_change_type": "abrupt", "task_name": "expr_ld", "rotation_direction": 1, "max_angle": 140}, {"rotation_angle": 0, "trial_type": "pause", "poll_type": "x11", "terminal_feedback_time": 0.5, "final_rotation_angle": 0, "num_targets": 3, "pause_button_wait": true, "target_distance_ratio": 1.0, "terminal_multiplier": 1.025, "NUM_TRIAL_GRADUAL_MIN": 3, "min_angle": 40, "pause_instruction": "Use your right hand and the mouse to reach each target onscreen.", "terminal_feedback": false, "pausetime": 0, "rotation_angle_direction": "Counter-clockwise", "num_trials": 3, "rotation_change_type": "abrupt", "task_name": "expr_instruct_rm", "rotation_direction": 1, "max_angle": 140}, {"rotation_angle": 0, "trial_type": "cursor", "terminal_feedback_time": 0.5, "final_rotation_angle": 0, "pause_button_wait": false, "num_targets": 3, "NUM_TRIAL_GRADUAL_MIN": 3, "target_distance_ratio": 1.0, "terminal_multiplier": 1.025, "num_trials": 12, "min_angle": 40, "pause_instruction": "", "terminal_feedback": false, "pausetime": 5, "rotation_angle_direction": "Counter-clockwise", "poll_type": "x11", "rotation_change_type": "abrupt", "task_name": "washout2", "rotation_direction": 1, "max_angle": 140}, {"rotation_angle": 50, "trial_type": "cursor", "terminal_feedback_time": 0.5, "final_rotation_angle": 0, "pause_button_wait": false, "num_targets": 3, "NUM_TRIAL_GRADUAL_MIN": 3, "target_distance_ratio": 1.0, "terminal_multiplier": 1.025, "num_trials": 45, "min_angle": 40, "pause_instruction": "", "terminal_feedback": false, "pausetime": 5, "rotation_angle_direction": "Counter-clockwise", "poll_type": "x11", "rotation_change_type": "abrupt", "task_name": "expr_rm", "rotation_direction": 1, "max_angle": 140}, {"rotation_angle": 0, "trial_type": "pause", "poll_type": "x11", "terminal_feedback_time": 0.5, "final_rotation_angle": 0, "num_targets": 3, "pause_button_wait": true, "target_distance_ratio": 1.0, "terminal_multiplier": 1.025, "NUM_TRIAL_GRADUAL_MIN": 3, "min_angle": 40, "pause_instruction": "Use your left hand and the mouse to reach each target onscreen.", "terminal_feedback": false, "pausetime": 0, "rotation_angle_direction": "Counter-clockwise", "num_trials": 3, "rotation_change_type": "abrupt", "task_name": "expr_instruct_lm", "rotation_direction": 1, "max_angle": 140}, {"rotation_angle": 0, "trial_type": "cursor", "terminal_feedback_time": 0.5, "final_rotation_angle": 0, "pause_button_wait": false, "num_targets": 3, "NUM_TRIAL_GRADUAL_MIN": 3, "target_distance_ratio": 1.0, "terminal_multiplier": 1.025, "num_trials": 12, "min_angle": 40, "pause_instruction": "", "terminal_feedback": false, "pausetime": 5, "rotation_angle_direction": "Counter-clockwise", "poll_type": "x11", "rotation_change_type": "abrupt", "task_name": "washout3", "rotation_direction": 1, "max_angle": 140}, {"rotation_angle": 50, "trial_type": "cursor", "terminal_feedback_time": 0.5, "final_rotation_angle": 0, "pause_button_wait": false, "num_targets": 3, "NUM_TRIAL_GRADUAL_MIN": 3, "target_distance_ratio": 1.0, "terminal_multiplier": 1.025, "num_trials": 45, "min_angle": 40, "pause_instruction": "", "terminal_feedback": false, "pausetime": 5, "rotation_angle_direction": "Counter-clockwise", "poll_type": "x11", "rotation_change_type": "abrupt", "task_name": "expr_lm", "rotation_direction": 1, "max_angle": 140}, {"rotation_angle": 0, "trial_type": "pause", "poll_type": "x11", "terminal_feedback_time": 0.5, "final_rotation_angle": 0, "num_targets": 3, "pause_button_wait": true, "target_distance_ratio": 1.0, "terminal_multiplier": 1.025, "NUM_TRIAL_GRADUAL_MIN": 3, "min_angle": 40, "pause_instruction": "Use your right hand and the digital pen to reach each target onscreen.", "terminal_feedback": false, "pausetime": 0, "rotation_angle_direction": "Counter-clockwise", "num_trials": 3, "rotation_change_type": "abrupt", "task_name": "expr_instruct_rd", "rotation_direction": 1, "max_angle": 140}, {"rotation_angle": 0, "trial_type": "cursor", "terminal_feedback_time": 0.5, "final_rotation_angle": 0, "pause_button_wait": false, "num_targets": 3, "NUM_TRIAL_GRADUAL_MIN": 3, "target_distance_ratio": 1.0, "terminal_multiplier": 1.025, "num_trials": 12, "min_angle": 40, "pause_instruction": "", "terminal_feedback": false, "pausetime": 5, "rotation_angle_direction": "Counter-clockwise", "poll_type": "x11", "rotation_change_type": "abrupt", "task_name": "washout4", "rotation_direction": 1, "max_angle": 140}, {"rotation_angle": 50, "trial_type": "cursor", "terminal_feedback_time": 0.5, "final_rotation_angle": 0, "pause_button_wait": false, "num_targets": 3, "NUM_TRIAL_GRADUAL_MIN": 3, "target_distance_ratio": 1.0, "terminal_multiplier": 1.025, "num_trials": 45, "min_angle": 40, "pause_instruction": "", "terminal_feedback": false, "pausetime": 5, "rotation_angle_direction": "Counter-clockwise", "poll_type": "x11", "rotation_change_type": "abrupt", "task_name": "expr_rd", "rotation_direction": 1, "max_angle": 140}, {"rotation_angle": 0, "trial_type": "pause", "terminal_feedback_time": 0.5, "final_rotation_angle": 0, "num_targets": 3, "NUM_TRIAL_GRADUAL_MIN": 3, "target_distance_ratio": 1.0, "task_name": "thankyou!", "terminal_multiplier": 1.025, "num_trials": 3, "min_angle": 40, "pause_instruction": "The experiment is complete! Please fill out the quick questionnaire. Thank you so much for participating!", "terminal_feedback": false, "pausetime": 0, "rotation_angle_direction": "Counter-clockwise", "poll_type": "x11", "rotation_change_type": "abrupt", "pause_button_wait": false, "rotation_direction": 1, "max_angle": 140}], "settings": {"fullscreen": false, "custom_target_enable": false, "flipscreen": false, "return_movement": false, "screen": 0, "custom_home_file": "", "custom_cursor_enable": false, "custom_stim_enable": false, "custom_stim_file": "", "experiment_folder": "order4_base_and_expr", "custom_target_file": "", "custom_home_enable": false, "custom_cursor_file": ""}}