task_num,task_name,trial_type,trial_num,terminalfeedback_bool,targetangle_deg,targetdistance_percmax,homex_px,homey_px,targetx_px,targety_px,time_s,mousex_px,mousey_px,cursorx_px,cursory_px
1,nc,no_cursor,1,False,90,100,0,0,3.91886975727e-14,640.0,0.00205588340759,79,186,79,186
1,nc,no_cursor,1,False,90,100,0,0,3.91886975727e-14,640.0,0.00679588317871,79,186,79,186
1,nc,no_cursor,1,False,90,100,0,0,3.91886975727e-14,640.0,0.0211029052734,79,184,79,184
1,nc,no_cursor,1,False,90,100,0,0,3.91886975727e-14,640.0,0.0379629135132,79,182,79,182
1,nc,no_cursor,1,False,90,100,0,0,3.91886975727e-14,640.0,0.0546300411224,79,182,79,182
1,nc,no_cursor,1,False,90,100,0,0,3.91886975727e-14,640.0,0.0713119506836,79,180,79,180
1,nc,no_cursor,1,False,90,100,0,0,3.91886975727e-14,640.0,0.0881259441376,79,180,79,180
1,nc,no_cursor,1,False,90,100,0,0,3.91886975727e-14,640.0,0.104702949524,78,178,78,178
1,nc,no_cursor,1,False,90,100,0,0,3.91886975727e-14,640.0,0.121435880661,76,176,76,176
1,nc,no_cursor,1,False,90,100,0,0,3.91886975727e-14,640.0,0.138246059418,75,175,75,175
1,nc,no_cursor,1,False,90,100,0,0,3.91886975727e-14,640.0,0.154862880707,75,175,75,175
1,nc,no_cursor,1,False,90,100,0,0,3.91886975727e-14,640.0,0.1715259552,75,175,75,175
1,nc,no_cursor,1,False,90,100,0,0,3.91886975727e-14,640.0,0.188119888306,75,175,75,175
1,nc,no_cursor,1,False,90,100,0,0,3.91886975727e-14,640.0,0.204849004745,72,173,72,173
1,nc,no_cursor,1,False,90,100,0,0,3.91886975727e-14,640.0,0.221324920654,68,171,68,171
1,nc,no_cursor,1,False,90,100,0,0,3.91886975727e-14,640.0,0.237992048264,65,167,65,167
1,nc,no_cursor,1,False,90,100,0,0,3.91886975727e-14,640.0,0.254848003387,63,165,63,165
1,nc,no_cursor,1,False,90,100,0,0,3.91886975727e-14,640.0,0.27151799202,62,161,62,161
1,nc,no_cursor,1,False,90,100,0,0,3.91886975727e-14,640.0,0.288147926331,61,158,61,158
1,nc,no_cursor,1,False,90,100,0,0,3.91886975727e-14,640.0,0.304470062256,57,151,57,151
1,nc,no_cursor,1,False,90,100,0,0,3.91886975727e-14,640.0,0.32130408287,54,145,54,145
1,nc,no_cursor,1,False,90,100,0,0,3.91886975727e-14,640.0,0.338118076324,42,127,42,127
1,nc,no_cursor,1,False,90,100,0,0,3.91886975727e-14,640.0,0.354718923569,35,108,35,108
1,nc,no_cursor,1,False,90,100,0,0,3.91886975727e-14,640.0,0.37157702446,22,92,22,92
1,nc,no_cursor,1,False,90,100,0,0,3.91886975727e-14,640.0,0.388242006302,13,79,13,79
1,nc,no_cursor,1,False,90,100,0,0,3.91886975727e-14,640.0,0.404788017273,7,70,7,70
1,nc,no_cursor,1,False,90,100,0,0,3.91886975727e-14,640.0,0.421612977982,5,66,5,66
1,nc,no_cursor,1,False,90,100,0,0,3.91886975727e-14,640.0,0.437695980072,4,64,4,64
1,nc,no_cursor,1,False,90,100,0,0,3.91886975727e-14,640.0,0.45485496521,5,64,5,64
1,nc,no_cursor,1,False,90,100,0,0,3.91886975727e-14,640.0,0.471498966217,5,64,5,64
1,nc,no_cursor,1,False,90,100,0,0,3.91886975727e-14,640.0,0.487920045853,5,62,5,62
1,nc,no_cursor,1,False,90,100,0,0,3.91886975727e-14,640.0,0.505222082138,5,61,5,61
1,nc,no_cursor,1,False,90,100,0,0,3.91886975727e-14,640.0,0.521250963211,5,57,5,57
1,nc,no_cursor,1,False,90,100,0,0,3.91886975727e-14,640.0,0.538165092468,5,50,5,50
1,nc,no_cursor,1,False,90,100,0,0,3.91886975727e-14,640.0,0.554843902588,3,45,3,45
1,nc,no_cursor,1,False,90,100,0,0,3.91886975727e-14,640.0,0.571302890778,3,37,3,37
1,nc,no_cursor,1,False,90,100,0,0,3.91886975727e-14,640.0,0.58770108223,3,31,3,31
1,nc,no_cursor,1,False,90,100,0,0,3.91886975727e-14,640.0,0.604745864868,3,25,3,25
1,nc,no_cursor,1,False,90,100,0,0,3.91886975727e-14,640.0,0.621416091919,3,17,3,17
1,nc,no_cursor,1,False,90,100,0,0,3.91886975727e-14,640.0,0.638042926788,5,10,5,10
1,nc,no_cursor,1,False,90,100,0,0,3.91886975727e-14,640.0,0.654243946075,11,0,11,0
1,nc,no_cursor,1,False,90,100,0,0,3.91886975727e-14,640.0,0.671428918839,13,-5,13,-5
1,nc,no_cursor,1,False,90,100,0,0,3.91886975727e-14,640.0,0.687743902206,13,-4,13,-4
1,nc,no_cursor,1,False,90,100,0,0,3.91886975727e-14,640.0,0.704626083374,13,-4,13,-4
1,nc,no_cursor,1,False,90,100,0,0,3.91886975727e-14,640.0,0.7213139534,14,-3,14,-3
1,nc,no_cursor,1,False,90,100,0,0,3.91886975727e-14,640.0,0.738241910934,14,-3,14,-3
1,nc,no_cursor,1,False,90,100,0,0,3.91886975727e-14,640.0,0.754602909088,14,-1,14,-1
1,nc,no_cursor,1,False,90,100,0,0,3.91886975727e-14,640.0,0.771677970886,14,-1,14,-1
1,nc,no_cursor,1,False,90,100,0,0,3.91886975727e-14,640.0,0.788340091705,14,-1,14,-1
1,nc,no_cursor,1,False,90,100,0,0,3.91886975727e-14,640.0,0.80489897728,14,-1,14,-1
1,nc,no_cursor,1,False,90,100,0,0,3.91886975727e-14,640.0,0.821599006653,14,-1,14,-1
1,nc,no_cursor,1,False,90,100,0,0,3.91886975727e-14,640.0,0.838412046432,14,-1,14,-1
1,nc,no_cursor,1,False,90,100,0,0,3.91886975727e-14,640.0,0.855069875717,14,-1,14,-1
1,nc,no_cursor,1,False,90,100,0,0,3.91886975727e-14,640.0,0.871902942657,13,0,13,0
1,nc,no_cursor,1,False,90,100,0,0,3.91886975727e-14,640.0,0.888516902924,11,2,11,2
1,nc,no_cursor,1,False,90,100,0,0,3.91886975727e-14,640.0,0.905335903168,7,2,7,2
1,nc,no_cursor,1,False,90,100,0,0,3.91886975727e-14,640.0,0.921731948853,3,2,3,2
1,nc,no_cursor,1,False,90,100,0,0,3.91886975727e-14,640.0,0.938766002655,1,2,1,2
1,nc,no_cursor,1,False,90,100,0,0,3.91886975727e-14,640.0,0.955158948898,-1,2,-1,2
1,nc,no_cursor,1,False,90,100,0,0,3.91886975727e-14,640.0,0.971880912781,-2,3,-2,3
1,nc,no_cursor,1,False,90,100,0,0,3.91886975727e-14,640.0,0.988220930099,-2,3,-2,3
1,nc,no_cursor,1,False,90,100,0,0,3.91886975727e-14,640.0,1.00483703613,-2,3,-2,3
1,nc,no_cursor,1,False,90,100,0,0,3.91886975727e-14,640.0,1.02163791656,-2,3,-2,3
1,nc,no_cursor,1,False,90,100,0,0,3.91886975727e-14,640.0,1.03852295876,-3,4,-3,4
1,nc,no_cursor,1,False,90,100,0,0,3.91886975727e-14,640.0,1.05492687225,-3,4,-3,4
1,nc,no_cursor,1,False,90,100,0,0,3.91886975727e-14,640.0,1.071352005,-3,4,-3,4
1,nc,no_cursor,1,False,90,100,0,0,3.91886975727e-14,640.0,1.08819699287,-3,4,-3,4
1,nc,no_cursor,1,False,90,100,0,0,3.91886975727e-14,640.0,1.10501599312,-3,4,-3,4
1,nc,no_cursor,1,False,90,100,0,0,3.91886975727e-14,640.0,1.12139296532,-3,4,-3,4
1,nc,no_cursor,1,False,90,100,0,0,3.91886975727e-14,640.0,1.13857293129,-3,4,-3,4
1,nc,no_cursor,1,False,90,100,0,0,3.91886975727e-14,640.0,1.15471696854,-3,4,-3,4
1,nc,no_cursor,1,False,90,100,0,0,3.91886975727e-14,640.0,1.17182993889,-3,4,-3,4
1,nc,no_cursor,1,False,90,100,0,0,3.91886975727e-14,640.0,1.18801593781,-3,4,-3,4
1,nc,no_cursor,1,False,90,100,0,0,3.91886975727e-14,640.0,1.20492506027,-3,4,-3,4
1,nc,no_cursor,1,False,90,100,0,0,3.91886975727e-14,640.0,1.22183609009,-3,4,-3,4
1,nc,no_cursor,1,False,90,100,0,0,3.91886975727e-14,640.0,1.23858308792,-3,4,-3,4
1,nc,no_cursor,1,False,90,100,0,0,3.91886975727e-14,640.0,1.25468492508,-3,4,-3,4
1,nc,no_cursor,1,False,90,100,0,0,3.91886975727e-14,640.0,1.27183699608,-3,4,-3,4
1,nc,no_cursor,1,False,90,100,0,0,3.91886975727e-14,640.0,1.288022995,-3,4,-3,4
1,nc,no_cursor,1,False,90,100,0,0,3.91886975727e-14,640.0,1.30463600159,-3,4,-3,4
1,nc,no_cursor,1,False,90,100,0,0,3.91886975727e-14,640.0,1.32117486,-3,7,-3,7
1,nc,no_cursor,1,False,90,100,0,0,3.91886975727e-14,640.0,1.33840203285,-2,12,-2,12
1,nc,no_cursor,1,False,90,100,0,0,3.91886975727e-14,640.0,1.35432696342,1,40,1,40
1,nc,no_cursor,1,False,90,100,0,0,3.91886975727e-14,640.0,1.37093305588,1,80,1,80
1,nc,no_cursor,1,False,90,100,0,0,3.91886975727e-14,640.0,1.38757705688,1,128,1,128
1,nc,no_cursor,1,False,90,100,0,0,3.91886975727e-14,640.0,1.40466189384,1,164,1,164
1,nc,no_cursor,1,False,90,100,0,0,3.91886975727e-14,640.0,1.42164206505,1,200,1,200
1,nc,no_cursor,1,False,90,100,0,0,3.91886975727e-14,640.0,1.43823695183,1,232,1,232
1,nc,no_cursor,1,False,90,100,0,0,3.91886975727e-14,640.0,1.45495009422,1,258,1,258
1,nc,no_cursor,1,False,90,100,0,0,3.91886975727e-14,640.0,1.47172093391,1,291,1,291
1,nc,no_cursor,1,False,90,100,0,0,3.91886975727e-14,640.0,1.48820400238,1,311,1,311
1,nc,no_cursor,1,False,90,100,0,0,3.91886975727e-14,640.0,1.50495195389,1,323,1,323
1,nc,no_cursor,1,False,90,100,0,0,3.91886975727e-14,640.0,1.52187895775,3,341,3,341
1,nc,no_cursor,1,False,90,100,0,0,3.91886975727e-14,640.0,1.53844809532,5,356,5,356
1,nc,no_cursor,1,False,90,100,0,0,3.91886975727e-14,640.0,1.55492901802,5,377,5,377
1,nc,no_cursor,1,False,90,100,0,0,3.91886975727e-14,640.0,1.57155990601,7,395,7,395
1,nc,no_cursor,1,False,90,100,0,0,3.91886975727e-14,640.0,1.58830904961,9,429,9,429
1,nc,no_cursor,1,False,90,100,0,0,3.91886975727e-14,640.0,1.60500407219,9,450,9,450
1,nc,no_cursor,1,False,90,100,0,0,3.91886975727e-14,640.0,1.62154507637,9,465,9,465
1,nc,no_cursor,1,False,90,100,0,0,3.91886975727e-14,640.0,1.63837695122,9,477,9,477
1,nc,no_cursor,1,False,90,100,0,0,3.91886975727e-14,640.0,1.65496897697,9,488,9,488
1,nc,no_cursor,1,False,90,100,0,0,3.91886975727e-14,640.0,1.67160892487,9,498,9,498
1,nc,no_cursor,1,False,90,100,0,0,3.91886975727e-14,640.0,1.68814206123,9,500,9,500
1,nc,no_cursor,1,False,90,100,0,0,3.91886975727e-14,640.0,1.70505094528,9,502,9,502
1,nc,no_cursor,1,False,90,100,0,0,3.91886975727e-14,640.0,1.72121095657,9,502,9,502
1,nc,no_cursor,1,False,90,100,0,0,3.91886975727e-14,640.0,1.73777890205,9,502,9,502
1,nc,no_cursor,1,False,90,100,0,0,3.91886975727e-14,640.0,1.75442004204,9,502,9,502
1,nc,no_cursor,1,False,90,100,0,0,3.91886975727e-14,640.0,1.77102303505,9,502,9,502
1,nc,no_cursor,1,False,90,100,0,0,3.91886975727e-14,640.0,1.78759598732,9,502,9,502
1,nc,no_cursor,1,False,90,100,0,0,3.91886975727e-14,640.0,1.8041639328,9,502,9,502
1,nc,no_cursor,1,False,90,100,0,0,3.91886975727e-14,640.0,1.82122206688,9,502,9,502
1,nc,no_cursor,1,False,90,100,0,0,3.91886975727e-14,640.0,1.83760094643,9,502,9,502
1,nc,no_cursor,1,False,90,100,0,0,3.91886975727e-14,640.0,1.85402607918,9,502,9,502
1,nc,no_cursor,1,False,90,100,0,0,3.91886975727e-14,640.0,1.87096691132,9,502,9,502
1,nc,no_cursor,1,False,90,100,0,0,3.91886975727e-14,640.0,1.88723301888,9,502,9,502
1,nc,no_cursor,1,False,90,100,0,0,3.91886975727e-14,640.0,1.90393090248,9,502,9,502
1,nc,no_cursor,1,False,90,100,0,0,3.91886975727e-14,640.0,1.92058300972,9,502,9,502
1,nc,no_cursor,1,False,90,100,0,0,3.91886975727e-14,640.0,1.93722009659,9,502,9,502
1,nc,no_cursor,1,False,90,100,0,0,3.91886975727e-14,640.0,1.95391988754,9,502,9,502
1,nc,no_cursor,1,False,90,100,0,0,3.91886975727e-14,640.0,1.97057390213,9,502,9,502
1,nc,no_cursor,1,False,90,100,0,0,3.91886975727e-14,640.0,1.98722600937,9,502,9,502
1,nc,no_cursor,1,False,90,100,0,0,3.91886975727e-14,640.0,2.00387001038,9,502,9,502
1,nc,no_cursor,1,False,90,100,0,0,3.91886975727e-14,640.0,2.02073407173,9,502,9,502
1,nc,no_cursor,1,False,90,100,0,0,3.91886975727e-14,640.0,2.03726387024,9,502,9,502
1,nc,no_cursor,1,False,90,100,0,0,3.91886975727e-14,640.0,2.05388188362,9,502,9,502
1,nc,no_cursor,1,False,90,100,0,0,3.91886975727e-14,640.0,2.07054901123,9,502,9,502
1,nc,no_cursor,1,False,90,100,0,0,3.91886975727e-14,640.0,2.08753705025,9,502,9,502
1,nc,no_cursor,1,False,90,100,0,0,3.91886975727e-14,640.0,2.10429501534,9,502,9,502
1,nc,no_cursor,1,False,90,100,0,0,3.91886975727e-14,640.0,2.12084794044,9,502,9,502
1,nc,no_cursor,1,False,90,100,0,0,3.91886975727e-14,640.0,2.13753199577,9,502,9,502
1,nc,no_cursor,1,False,90,100,0,0,3.91886975727e-14,640.0,2.1542840004,9,502,9,502
1,nc,no_cursor,1,False,90,100,0,0,3.91886975727e-14,640.0,2.17085599899,9,502,9,502
1,nc,no_cursor,1,False,90,100,0,0,3.91886975727e-14,640.0,2.18718290329,9,502,9,502
1,nc,no_cursor,1,False,90,100,0,0,3.91886975727e-14,640.0,2.2038269043,9,502,9,502
1,nc,no_cursor,1,False,90,100,0,0,3.91886975727e-14,640.0,2.22048091888,9,502,9,502
1,nc,no_cursor,1,False,90,100,0,0,3.91886975727e-14,640.0,2.23723888397,9,502,9,502
1,nc,no_cursor,1,False,90,100,0,0,3.91886975727e-14,640.0,2.25380992889,9,502,9,502
1,nc,no_cursor,1,False,90,100,0,0,3.91886975727e-14,640.0,2.27045798302,9,502,9,502
1,nc,no_cursor,1,False,90,100,0,0,3.91886975727e-14,640.0,2.2871260643,9,502,9,502
1,nc,no_cursor,1,False,90,100,0,0,3.91886975727e-14,640.0,2.30380296707,9,502,9,502
1,nc,no_cursor,1,False,90,100,0,0,3.91886975727e-14,640.0,2.32039809227,9,502,9,502
1,nc,no_cursor,1,False,90,100,0,0,3.91886975727e-14,640.0,2.33709788322,9,502,9,502
1,nc,no_cursor,1,False,90,100,0,0,3.91886975727e-14,640.0,2.35376596451,9,502,9,502
1,nc,no_cursor,1,False,90,100,0,0,3.91886975727e-14,640.0,2.37043404579,9,502,9,502
1,nc,no_cursor,1,False,90,100,0,0,3.91886975727e-14,640.0,2.38711905479,9,502,9,502
1,nc,no_cursor,1,False,90,100,0,0,3.91886975727e-14,640.0,2.40382599831,9,502,9,502
1,nc,no_cursor,1,False,90,100,0,0,3.91886975727e-14,640.0,2.42039299011,9,502,9,502
1,nc,no_cursor,1,False,90,100,0,0,3.91886975727e-14,640.0,2.43701505661,9,502,9,502
1,nc,no_cursor,1,False,90,100,0,0,3.91886975727e-14,640.0,2.45374703407,9,502,9,502
1,nc,no_cursor,1,False,90,100,0,0,3.91886975727e-14,640.0,2.47062087059,9,502,9,502
1,nc,no_cursor,1,False,90,100,0,0,3.91886975727e-14,640.0,2.48744797707,9,502,9,502
1,nc,no_cursor,1,False,90,100,0,0,3.91886975727e-14,640.0,2.50430488586,9,502,9,502
1,nc,no_cursor,1,False,90,100,0,0,3.91886975727e-14,640.0,2.52085900307,9,502,9,502
1,nc,no_cursor,1,False,90,100,0,0,3.91886975727e-14,640.0,2.53739500046,9,502,9,502
1,nc,no_cursor,1,False,90,100,0,0,3.91886975727e-14,640.0,2.55411791801,9,502,9,502
1,nc,no_cursor,1,False,90,100,0,0,3.91886975727e-14,640.0,2.57092094421,9,502,9,502
1,nc,no_cursor,1,False,90,100,0,0,3.91886975727e-14,640.0,2.58740997314,9,502,9,502
1,nc,no_cursor,1,False,90,100,0,0,3.91886975727e-14,640.0,2.6039788723,9,502,9,502
1,nc,no_cursor,1,False,90,100,0,0,3.91886975727e-14,640.0,2.62046098709,9,502,9,502
1,nc,no_cursor,1,False,90,100,0,0,3.91886975727e-14,640.0,2.63715600967,9,502,9,502
1,nc,no_cursor,1,False,90,100,0,0,3.91886975727e-14,640.0,2.65382790565,9,502,9,502
1,nc,no_cursor,1,False,90,100,0,0,3.91886975727e-14,640.0,2.67102003098,9,502,9,502
1,nc,no_cursor,1,False,90,100,0,0,3.91886975727e-14,640.0,2.68714308739,9,502,9,502
1,nc,no_cursor,1,False,90,100,0,0,3.91886975727e-14,640.0,2.7038230896,9,502,9,502
1,nc,no_cursor,1,False,90,100,0,0,3.91886975727e-14,640.0,2.72067689896,9,502,9,502
1,nc,no_cursor,1,False,90,100,0,0,3.91886975727e-14,640.0,2.73713898659,9,502,9,502
1,nc,no_cursor,1,False,90,100,0,0,3.91886975727e-14,640.0,2.75378608704,9,502,9,502
1,nc,no_cursor,1,False,90,100,0,0,3.91886975727e-14,640.0,2.77082300186,9,499,9,499
1,nc,no_cursor,1,False,90,100,0,0,3.91886975727e-14,640.0,2.78705096245,9,491,9,491
1,nc,no_cursor,1,False,90,100,0,0,3.91886975727e-14,640.0,2.80381798744,9,451,9,451
1,nc,no_cursor,1,False,90,100,0,0,3.91886975727e-14,640.0,2.82043504715,9,411,9,411
1,nc,no_cursor,1,False,90,100,0,0,3.91886975727e-14,640.0,2.83710289001,9,361,9,361
1,nc,no_cursor,1,False,90,100,0,0,3.91886975727e-14,640.0,2.85387396812,9,321,9,321
1,nc,no_cursor,1,False,90,100,0,0,3.91886975727e-14,640.0,2.87091207504,9,271,9,271
1,nc,no_cursor,1,False,90,100,0,0,3.91886975727e-14,640.0,2.88724803925,9,241,9,241
1,nc,no_cursor,1,False,90,100,0,0,3.91886975727e-14,640.0,2.90394806862,9,196,9,196
1,nc,no_cursor,1,False,90,100,0,0,3.91886975727e-14,640.0,2.92046093941,11,180,11,180
1,nc,no_cursor,1,False,90,100,0,0,3.91886975727e-14,640.0,2.93750691414,13,160,13,160
1,nc,no_cursor,1,False,90,100,0,0,3.91886975727e-14,640.0,2.95413899422,13,152,13,152
1,nc,no_cursor,1,False,90,100,0,0,3.91886975727e-14,640.0,2.97077298164,13,148,13,148
1,nc,no_cursor,1,False,90,100,0,0,3.91886975727e-14,640.0,2.98706889153,13,144,13,144
1,nc,no_cursor,1,False,90,100,0,0,3.91886975727e-14,640.0,3.00373792648,13,140,13,140
1,nc,no_cursor,1,False,90,100,0,0,3.91886975727e-14,640.0,3.0203499794,13,132,13,132
1,nc,no_cursor,1,False,90,100,0,0,3.91886975727e-14,640.0,3.03716802597,13,126,13,126
1,nc,no_cursor,1,False,90,100,0,0,3.91886975727e-14,640.0,3.05368590355,13,120,13,120
1,nc,no_cursor,1,False,90,100,0,0,3.91886975727e-14,640.0,3.07084107399,13,116,13,116
1,nc,no_cursor,1,False,90,100,0,0,3.91886975727e-14,640.0,3.08739686012,11,110,11,110
1,nc,no_cursor,1,False,90,100,0,0,3.91886975727e-14,640.0,3.10353088379,11,93,11,93
1,nc,no_cursor,1,False,90,100,0,0,3.91886975727e-14,640.0,3.12057495117,11,83,11,83
1,nc,no_cursor,1,False,90,100,0,0,3.91886975727e-14,640.0,3.13721299171,11,83,11,83
1,nc,no_cursor,1,False,90,100,0,0,3.91886975727e-14,640.0,3.15405893326,11,83,11,83
1,nc,no_cursor,1,False,90,100,0,0,3.91886975727e-14,640.0,3.17069196701,11,83,11,83
1,nc,no_cursor,1,False,90,100,0,0,3.91886975727e-14,640.0,3.18724799156,11,83,11,83
1,nc,no_cursor,1,False,90,100,0,0,3.91886975727e-14,640.0,3.20397186279,11,83,11,83
1,nc,no_cursor,1,False,90,100,0,0,3.91886975727e-14,640.0,3.22048807144,11,83,11,83
1,nc,no_cursor,1,False,90,100,0,0,3.91886975727e-14,640.0,3.23713707924,11,83,11,83
1,nc,no_cursor,1,False,90,100,0,0,3.91886975727e-14,640.0,3.25374698639,11,78,11,78
1,nc,no_cursor,1,False,90,100,0,0,3.91886975727e-14,640.0,3.27052307129,11,74,11,74
1,nc,no_cursor,1,False,90,100,0,0,3.91886975727e-14,640.0,3.28711986542,11,70,11,70
1,nc,no_cursor,1,False,90,100,0,0,3.91886975727e-14,640.0,3.30373287201,11,62,11,62
1,nc,no_cursor,1,False,90,100,0,0,3.91886975727e-14,640.0,3.32024788857,11,58,11,58
1,nc,no_cursor,1,False,90,100,0,0,3.91886975727e-14,640.0,3.33701300621,11,58,11,58
1,nc,no_cursor,1,False,90,100,0,0,3.91886975727e-14,640.0,3.35371303558,11,58,11,58
1,nc,no_cursor,1,False,90,100,0,0,3.91886975727e-14,640.0,3.37060689926,11,58,11,58
1,nc,no_cursor,1,False,90,100,0,0,3.91886975727e-14,640.0,3.38711190224,11,58,11,58
1,nc,no_cursor,1,False,90,100,0,0,3.91886975727e-14,640.0,3.40378808975,11,58,11,58
1,nc,no_cursor,1,False,90,100,0,0,3.91886975727e-14,640.0,3.42036604881,11,56,11,56
1,nc,no_cursor,1,False,90,100,0,0,3.91886975727e-14,640.0,3.43692207336,11,56,11,56
1,nc,no_cursor,1,False,90,100,0,0,3.91886975727e-14,640.0,3.45352387428,11,54,11,54
1,nc,no_cursor,1,False,90,100,0,0,3.91886975727e-14,640.0,3.47019100189,11,54,11,54
1,nc,no_cursor,1,False,90,100,0,0,3.91886975727e-14,640.0,3.48680186272,11,52,11,52
1,nc,no_cursor,1,False,90,100,0,0,3.91886975727e-14,640.0,3.50350308418,11,52,11,52
1,nc,no_cursor,1,False,90,100,0,0,3.91886975727e-14,640.0,3.5201818943,11,50,11,50
1,nc,no_cursor,1,False,90,100,0,0,3.91886975727e-14,640.0,3.53682589531,11,50,11,50
1,nc,no_cursor,1,False,90,100,0,0,3.91886975727e-14,640.0,3.55350089073,13,48,13,48
1,nc,no_cursor,1,False,90,100,0,0,3.91886975727e-14,640.0,3.57014799118,14,47,14,47
1,nc,no_cursor,1,False,90,100,0,0,3.91886975727e-14,640.0,3.58679890633,16,47,16,47
1,nc,no_cursor,1,False,90,100,0,0,3.91886975727e-14,640.0,3.60358905792,17,46,17,46
1,nc,no_cursor,1,False,90,100,0,0,3.91886975727e-14,640.0,3.62017393112,19,44,19,44
1,nc,no_cursor,1,False,90,100,0,0,3.91886975727e-14,640.0,3.63694095612,26,37,26,37
1,nc,no_cursor,1,False,90,100,0,0,3.91886975727e-14,640.0,3.65345597267,35,28,35,28
1,nc,no_cursor,1,False,90,100,0,0,3.91886975727e-14,640.0,3.67012190819,44,17,44,17
1,nc,no_cursor,1,False,90,100,0,0,3.91886975727e-14,640.0,3.68687105179,49,16,49,16
1,nc,no_cursor,1,False,90,100,0,0,3.91886975727e-14,640.0,3.70370388031,50,11,50,11
1,nc,no_cursor,1,False,90,100,0,0,3.91886975727e-14,640.0,3.72050404549,52,9,52,9
1,nc,no_cursor,1,False,90,100,0,0,3.91886975727e-14,640.0,3.73721194267,54,5,54,5
1,nc,no_cursor,1,False,90,100,0,0,3.91886975727e-14,640.0,3.75375890732,55,2,55,2
1,nc,no_cursor,1,False,90,100,0,0,3.91886975727e-14,640.0,3.77040696144,57,0,57,0
1,nc,no_cursor,1,False,90,100,0,0,3.91886975727e-14,640.0,3.7870490551,57,-4,57,-4
1,nc,no_cursor,1,False,90,100,0,0,3.91886975727e-14,640.0,3.80375003815,57,-6,57,-6
1,nc,no_cursor,1,False,90,100,0,0,3.91886975727e-14,640.0,3.82039904594,59,-10,59,-10
1,nc,no_cursor,1,False,90,100,0,0,3.91886975727e-14,640.0,3.83706402779,61,-14,61,-14
1,nc,no_cursor,1,False,90,100,0,0,3.91886975727e-14,640.0,3.85373306274,64,-19,64,-19
1,nc,no_cursor,1,False,90,100,0,0,3.91886975727e-14,640.0,3.87041306496,65,-22,65,-22
1,nc,no_cursor,1,False,90,100,0,0,3.91886975727e-14,640.0,3.88705706596,65,-26,65,-26
1,nc,no_cursor,1,False,90,100,0,0,3.91886975727e-14,640.0,3.90377092361,64,-31,64,-31
1,nc,no_cursor,1,False,90,100,0,0,3.91886975727e-14,640.0,3.92040109634,63,-34,63,-34
1,nc,no_cursor,1,False,90,100,0,0,3.91886975727e-14,640.0,3.93712902069,61,-38,61,-38
1,nc,no_cursor,1,False,90,100,0,0,3.91886975727e-14,640.0,3.95370101929,58,-40,58,-40
1,nc,no_cursor,1,False,90,100,0,0,3.91886975727e-14,640.0,3.97033691406,55,-42,55,-42
1,nc,no_cursor,1,False,90,100,0,0,3.91886975727e-14,640.0,3.98702287674,49,-41,49,-41
1,nc,no_cursor,1,False,90,100,0,0,3.91886975727e-14,640.0,4.00367999077,37,-43,37,-43
1,nc,no_cursor,1,False,90,100,0,0,3.91886975727e-14,640.0,4.0202729702,30,-43,30,-43
1,nc,no_cursor,1,False,90,100,0,0,3.91886975727e-14,640.0,4.03709387779,25,-44,25,-44
1,nc,no_cursor,1,False,90,100,0,0,3.91886975727e-14,640.0,4.05363106728,25,-44,25,-44
1,nc,no_cursor,1,False,90,100,0,0,3.91886975727e-14,640.0,4.07038092613,25,-44,25,-44
1,nc,no_cursor,1,False,90,100,0,0,3.91886975727e-14,640.0,4.0869820118,25,-44,25,-44
1,nc,no_cursor,1,False,90,100,0,0,3.91886975727e-14,640.0,4.10358190536,23,-42,23,-42
1,nc,no_cursor,1,False,90,100,0,0,3.91886975727e-14,640.0,4.12035298347,23,-38,23,-38
1,nc,no_cursor,1,False,90,100,0,0,3.91886975727e-14,640.0,4.13694787025,21,-36,21,-36
1,nc,no_cursor,1,False,90,100,0,0,3.91886975727e-14,640.0,4.15365695953,21,-32,21,-32
1,nc,no_cursor,1,False,90,100,0,0,3.91886975727e-14,640.0,4.17029094696,19,-30,19,-30
1,nc,no_cursor,1,False,90,100,0,0,3.91886975727e-14,640.0,4.18670701981,19,-28,19,-28
1,nc,no_cursor,1,False,90,100,0,0,3.91886975727e-14,640.0,4.20332288742,19,-28,19,-28
1,nc,no_cursor,1,False,90,100,0,0,3.91886975727e-14,640.0,4.21970391273,19,-26,19,-26
1,nc,no_cursor,1,False,90,100,0,0,3.91886975727e-14,640.0,4.23626089096,19,-26,19,-26
1,nc,no_cursor,1,False,90,100,0,0,3.91886975727e-14,640.0,4.25319600105,19,-26,19,-26
1,nc,no_cursor,1,False,90,100,0,0,3.91886975727e-14,640.0,4.27028298378,19,-26,19,-26
1,nc,no_cursor,1,False,90,100,0,0,3.91886975727e-14,640.0,4.28657388687,19,-26,19,-26
1,nc,no_cursor,1,False,90,100,0,0,3.91886975727e-14,640.0,4.3036198616,19,-26,19,-26
1,nc,no_cursor,1,False,90,100,0,0,3.91886975727e-14,640.0,4.31989502907,19,-26,19,-26
1,nc,no_cursor,1,False,90,100,0,0,3.91886975727e-14,640.0,4.33656907082,19,-26,19,-26
1,nc,no_cursor,1,False,90,100,0,0,3.91886975727e-14,640.0,4.35328602791,19,-26,19,-26
1,nc,no_cursor,1,False,90,100,0,0,3.91886975727e-14,640.0,4.37010502815,19,-26,19,-26
1,nc,no_cursor,1,False,90,100,0,0,3.91886975727e-14,640.0,4.38652801514,19,-26,19,-26
1,nc,no_cursor,1,False,90,100,0,0,3.91886975727e-14,640.0,4.40359902382,19,-26,19,-26
1,nc,no_cursor,1,False,90,100,0,0,3.91886975727e-14,640.0,4.41986298561,19,-26,19,-26
1,nc,no_cursor,1,False,90,100,0,0,3.91886975727e-14,640.0,4.43649697304,19,-26,19,-26
1,nc,no_cursor,1,False,90,100,0,0,3.91886975727e-14,640.0,4.45316696167,19,-26,19,-26
1,nc,no_cursor,1,False,90,100,0,0,3.91886975727e-14,640.0,4.46981692314,19,-26,19,-26
1,nc,no_cursor,1,False,90,100,0,0,3.91886975727e-14,640.0,4.48639202118,19,-24,19,-24
1,nc,no_cursor,1,False,90,100,0,0,3.91886975727e-14,640.0,4.50299787521,16,-21,16,-21
1,nc,no_cursor,1,False,90,100,0,0,3.91886975727e-14,640.0,4.52007603645,12,-16,12,-16
1,nc,no_cursor,1,False,90,100,0,0,3.91886975727e-14,640.0,4.53648591042,11,-14,11,-14
1,nc,no_cursor,1,False,90,100,0,0,3.91886975727e-14,640.0,4.55304288864,10,-11,10,-11
1,nc,no_cursor,1,False,90,100,0,0,3.91886975727e-14,640.0,4.57034802437,9,-8,9,-8
1,nc,no_cursor,1,False,90,100,0,0,3.91886975727e-14,640.0,4.58664608002,7,-6,7,-6
1,nc,no_cursor,1,False,90,100,0,0,3.91886975727e-14,640.0,4.60349488258,7,-6,7,-6
1,nc,no_cursor,1,False,90,100,0,0,3.91886975727e-14,640.0,4.61992907524,7,-4,7,-4
1,nc,no_cursor,1,False,90,100,0,0,3.91886975727e-14,640.0,4.6365339756,7,-4,7,-4
1,nc,no_cursor,1,False,90,100,0,0,3.91886975727e-14,640.0,4.65304493904,7,-4,7,-4
1,nc,no_cursor,1,False,90,100,0,0,3.91886975727e-14,640.0,4.670181036,7,-2,7,-2
1,nc,no_cursor,1,False,90,100,0,0,3.91886975727e-14,640.0,4.68679904938,6,-1,6,-1
1,nc,no_cursor,1,False,90,100,0,0,3.91886975727e-14,640.0,4.70356893539,6,-1,6,-1
1,nc,no_cursor,1,False,90,100,0,0,3.91886975727e-14,640.0,4.72017192841,6,-1,6,-1
1,nc,no_cursor,1,False,90,100,0,0,3.91886975727e-14,640.0,4.73666596413,6,-1,6,-1
1,nc,no_cursor,1,False,90,100,0,0,3.91886975727e-14,640.0,4.75349402428,6,-1,6,-1
1,nc,no_cursor,1,False,90,100,0,0,3.91886975727e-14,640.0,4.76983499527,6,-1,6,-1
1,nc,no_cursor,1,False,90,100,0,0,3.91886975727e-14,640.0,4.78664708138,6,-1,6,-1
1,nc,no_cursor,1,False,90,100,0,0,3.91886975727e-14,640.0,4.80307602882,6,-1,6,-1
1,nc,no_cursor,1,False,90,100,0,0,3.91886975727e-14,640.0,4.81981301308,6,-1,6,-1
1,nc,no_cursor,1,False,90,100,0,0,3.91886975727e-14,640.0,4.83678293228,6,-1,6,-1
1,nc,no_cursor,1,False,90,100,0,0,3.91886975727e-14,640.0,4.85304093361,6,-1,6,-1
1,nc,no_cursor,1,False,90,100,0,0,3.91886975727e-14,640.0,4.87008190155,6,-1,6,-1
1,nc,no_cursor,1,False,90,100,0,0,3.91886975727e-14,640.0,4.88681507111,6,-1,6,-1
1,nc,no_cursor,1,False,90,100,0,0,3.91886975727e-14,640.0,4.90301895142,6,-1,6,-1
1,nc,no_cursor,1,False,90,100,0,0,3.91886975727e-14,640.0,4.92008590698,6,-1,6,-1
1,nc,no_cursor,1,False,90,100,0,0,3.91886975727e-14,640.0,4.93633890152,6,-1,6,-1
1,nc,no_cursor,1,False,90,100,0,0,3.91886975727e-14,640.0,4.95338988304,6,-1,6,-1
1,nc,no_cursor,1,False,90,100,0,0,3.91886975727e-14,640.0,4.97007989883,6,-1,6,-1
1,nc,no_cursor,1,False,90,100,0,0,3.91886975727e-14,640.0,4.98679900169,6,-1,6,-1
1,nc,no_cursor,1,False,90,100,0,0,3.91886975727e-14,640.0,5.00301194191,6,-1,6,-1
1,nc,no_cursor,1,False,90,100,0,0,3.91886975727e-14,640.0,5.01975989342,6,-1,6,-1
1,nc,no_cursor,1,False,90,100,0,0,3.91886975727e-14,640.0,5.03668808937,6,-1,6,-1
1,nc,no_cursor,1,False,90,100,0,0,3.91886975727e-14,640.0,5.05287003517,6,-1,6,-1
1,nc,no_cursor,1,False,90,100,0,0,3.91886975727e-14,640.0,5.07004404068,6,-1,6,-1
1,nc,no_cursor,1,False,90,100,0,0,3.91886975727e-14,640.0,5.08617687225,6,-1,6,-1
1,nc,no_cursor,1,False,90,100,0,0,3.91886975727e-14,640.0,5.10337805748,6,-1,6,-1
1,nc,no_cursor,1,False,90,100,0,0,3.91886975727e-14,640.0,5.11963605881,6,-1,6,-1
1,nc,no_cursor,1,False,90,100,0,0,3.91886975727e-14,640.0,5.13627099991,6,-1,6,-1
1,nc,no_cursor,1,False,90,100,0,0,3.91886975727e-14,640.0,5.15339994431,6,-1,6,-1
1,nc,no_cursor,1,False,90,100,0,0,3.91886975727e-14,640.0,5.16958189011,6,-1,6,-1
1,nc,no_cursor,1,False,90,100,0,0,3.91886975727e-14,640.0,5.18653106689,6,-1,6,-1
1,nc,no_cursor,1,False,90,100,0,0,3.91886975727e-14,640.0,5.20322608948,6,-1,6,-1
1,nc,no_cursor,1,False,90,100,0,0,3.91886975727e-14,640.0,5.21960401535,6,-1,6,-1
1,nc,no_cursor,1,False,90,100,0,0,3.91886975727e-14,640.0,5.23654699326,6,-1,6,-1
1,nc,no_cursor,1,False,90,100,0,0,3.91886975727e-14,640.0,5.25331497192,6,-1,6,-1
1,nc,no_cursor,1,False,90,100,0,0,3.91886975727e-14,640.0,5.26956987381,6,-1,6,-1
1,nc,no_cursor,1,False,90,100,0,0,3.91886975727e-14,640.0,5.28676390648,6,-1,6,-1
1,nc,no_cursor,1,False,90,100,0,0,3.91886975727e-14,640.0,5.30289006233,6,-1,6,-1
1,nc,no_cursor,1,False,90,100,0,0,3.91886975727e-14,640.0,5.31955099106,6,-1,6,-1
1,nc,no_cursor,1,False,90,100,0,0,3.91886975727e-14,640.0,5.33659696579,6,-1,6,-1
1,nc,no_cursor,1,False,90,100,0,0,3.91886975727e-14,640.0,5.35315394402,6,-1,6,-1
1,nc,no_cursor,1,False,90,100,0,0,3.91886975727e-14,640.0,5.369576931,6,-1,6,-1
1,nc,no_cursor,1,False,90,100,0,0,3.91886975727e-14,640.0,5.38621807098,6,-1,6,-1
1,nc,no_cursor,1,False,90,100,0,0,3.91886975727e-14,640.0,5.40284395218,6,-1,6,-1
1,nc,no_cursor,1,False,90,100,0,0,3.91886975727e-14,640.0,5.41987490654,6,-1,6,-1
1,nc,no_cursor,1,False,90,100,0,0,3.91886975727e-14,640.0,5.43618297577,6,-1,6,-1
1,nc,no_cursor,1,False,90,100,0,0,3.91886975727e-14,640.0,5.45282196999,6,-1,6,-1
1,nc,no_cursor,1,False,90,100,0,0,3.91886975727e-14,640.0,5.4698638916,6,-1,6,-1
1,nc,no_cursor,1,False,90,100,0,0,3.91886975727e-14,640.0,5.48633289337,6,-1,6,-1
1,nc,no_cursor,1,False,90,100,0,0,3.91886975727e-14,640.0,5.5031208992,6,-1,6,-1
1,nc,no_cursor,1,False,90,100,0,0,3.91886975727e-14,640.0,5.51946902275,6,-1,6,-1
1,nc,no_cursor,1,False,90,100,0,0,3.91886975727e-14,640.0,5.53640508652,6,-1,6,-1
1,nc,no_cursor,1,False,90,100,0,0,3.91886975727e-14,640.0,5.55283093452,6,-1,6,-1
1,nc,no_cursor,1,False,90,100,0,0,3.91886975727e-14,640.0,5.56945705414,6,-1,6,-1
1,nc,no_cursor,1,False,90,100,0,0,3.91886975727e-14,640.0,5.58611702919,6,-1,6,-1
1,nc,no_cursor,1,False,90,100,0,0,3.91886975727e-14,640.0,5.60280895233,6,-1,6,-1
1,nc,no_cursor,1,False,90,100,0,0,3.91886975727e-14,640.0,5.61982989311,6,-1,6,-1
1,nc,no_cursor,1,False,90,100,0,0,3.91886975727e-14,640.0,5.63626790047,6,-1,6,-1
1,nc,no_cursor,1,False,90,100,0,0,3.91886975727e-14,640.0,5.65274095535,6,-1,6,-1
1,nc,no_cursor,1,False,90,100,0,0,3.91886975727e-14,640.0,5.66982603073,4,-1,4,-1
1,nc,no_cursor,2,False,40,100,0,0,490.268443596,411.384070199,0.00153684616089,4,-1,4,-1
1,nc,no_cursor,2,False,40,100,0,0,490.268443596,411.384070199,0.00402879714966,4,-1,4,-1
1,nc,no_cursor,2,False,40,100,0,0,490.268443596,411.384070199,0.00612378120422,4,-1,4,-1
1,nc,no_cursor,2,False,40,100,0,0,490.268443596,411.384070199,0.0228369235992,3,0,3,0
1,nc,no_cursor,2,False,40,100,0,0,490.268443596,411.384070199,0.0396637916565,0,1,0,1
1,nc,no_cursor,2,False,40,100,0,0,490.268443596,411.384070199,0.0569539070129,-3,2,-3,2
1,nc,no_cursor,2,False,40,100,0,0,490.268443596,411.384070199,0.0733239650726,-6,3,-6,3
1,nc,no_cursor,2,False,40,100,0,0,490.268443596,411.384070199,0.0901827812195,-6,3,-6,3
1,nc,no_cursor,2,False,40,100,0,0,490.268443596,411.384070199,0.106846809387,-8,3,-8,3
1,nc,no_cursor,2,False,40,100,0,0,490.268443596,411.384070199,0.123512983322,-12,3,-12,3
1,nc,no_cursor,2,False,40,100,0,0,490.268443596,411.384070199,0.139964818954,-12,3,-12,3
1,nc,no_cursor,2,False,40,100,0,0,490.268443596,411.384070199,0.156732797623,-12,3,-12,3
1,nc,no_cursor,2,False,40,100,0,0,490.268443596,411.384070199,0.17323589325,-12,3,-12,3
1,nc,no_cursor,2,False,40,100,0,0,490.268443596,411.384070199,0.189817905426,-12,3,-12,3
1,nc,no_cursor,2,False,40,100,0,0,490.268443596,411.384070199,0.206797838211,-12,3,-12,3
1,nc,no_cursor,2,False,40,100,0,0,490.268443596,411.384070199,0.223285913467,-12,3,-12,3
1,nc,no_cursor,2,False,40,100,0,0,490.268443596,411.384070199,0.239919900894,-12,3,-12,3
1,nc,no_cursor,2,False,40,100,0,0,490.268443596,411.384070199,0.256419897079,-12,3,-12,3
1,nc,no_cursor,2,False,40,100,0,0,490.268443596,411.384070199,0.272986888885,-12,3,-12,3
1,nc,no_cursor,2,False,40,100,0,0,490.268443596,411.384070199,0.28990483284,-12,3,-12,3
1,nc,no_cursor,2,False,40,100,0,0,490.268443596,411.384070199,0.306631803513,-12,3,-12,3
1,nc,no_cursor,2,False,40,100,0,0,490.268443596,411.384070199,0.323210000992,-12,5,-12,5
1,nc,no_cursor,2,False,40,100,0,0,490.268443596,411.384070199,0.339637994766,-12,5,-12,5
1,nc,no_cursor,2,False,40,100,0,0,490.268443596,411.384070199,0.356658935547,-8,6,-8,6
1,nc,no_cursor,2,False,40,100,0,0,490.268443596,411.384070199,0.373323917389,-4,10,-4,10
1,nc,no_cursor,2,False,40,100,0,0,490.268443596,411.384070199,0.389897823334,17,16,17,16
1,nc,no_cursor,2,False,40,100,0,0,490.268443596,411.384070199,0.40674495697,60,36,60,36
1,nc,no_cursor,2,False,40,100,0,0,490.268443596,411.384070199,0.423466920853,106,54,106,54
1,nc,no_cursor,2,False,40,100,0,0,490.268443596,411.384070199,0.439992904663,160,82,160,82
1,nc,no_cursor,2,False,40,100,0,0,490.268443596,411.384070199,0.456629991531,202,116,202,116
1,nc,no_cursor,2,False,40,100,0,0,490.268443596,411.384070199,0.473176956177,254,162,254,162
1,nc,no_cursor,2,False,40,100,0,0,490.268443596,411.384070199,0.489835977554,292,194,292,194
1,nc,no_cursor,2,False,40,100,0,0,490.268443596,411.384070199,0.506116867065,330,226,330,226
1,nc,no_cursor,2,False,40,100,0,0,490.268443596,411.384070199,0.522923946381,356,248,356,248
1,nc,no_cursor,2,False,40,100,0,0,490.268443596,411.384070199,0.539750814438,386,270,386,270
1,nc,no_cursor,2,False,40,100,0,0,490.268443596,411.384070199,0.556557893753,406,283,406,283
1,nc,no_cursor,2,False,40,100,0,0,490.268443596,411.384070199,0.573267936707,430,290,430,290
1,nc,no_cursor,2,False,40,100,0,0,490.268443596,411.384070199,0.589827775955,446,301,446,301
1,nc,no_cursor,2,False,40,100,0,0,490.268443596,411.384070199,0.606467008591,477,315,477,315
1,nc,no_cursor,2,False,40,100,0,0,490.268443596,411.384070199,0.62299489975,495,326,495,326
1,nc,no_cursor,2,False,40,100,0,0,490.268443596,411.384070199,0.639521837234,508,336,508,336
1,nc,no_cursor,2,False,40,100,0,0,490.268443596,411.384070199,0.656186819077,521,342,521,342
1,nc,no_cursor,2,False,40,100,0,0,490.268443596,411.384070199,0.672855854034,532,350,532,350
1,nc,no_cursor,2,False,40,100,0,0,490.268443596,411.384070199,0.68981385231,538,355,538,355
1,nc,no_cursor,2,False,40,100,0,0,490.268443596,411.384070199,0.706419944763,545,360,545,360
1,nc,no_cursor,2,False,40,100,0,0,490.268443596,411.384070199,0.723083972931,560,368,560,368
1,nc,no_cursor,2,False,40,100,0,0,490.268443596,411.384070199,0.739773988724,572,376,572,376
1,nc,no_cursor,2,False,40,100,0,0,490.268443596,411.384070199,0.756408929825,585,384,585,384
1,nc,no_cursor,2,False,40,100,0,0,490.268443596,411.384070199,0.773166894913,593,388,593,388
1,nc,no_cursor,2,False,40,100,0,0,490.268443596,411.384070199,0.789821863174,602,393,602,393
1,nc,no_cursor,2,False,40,100,0,0,490.268443596,411.384070199,0.806407928467,603,393,603,393
1,nc,no_cursor,2,False,40,100,0,0,490.268443596,411.384070199,0.823007822037,603,393,603,393
1,nc,no_cursor,2,False,40,100,0,0,490.268443596,411.384070199,0.839574813843,603,393,603,393
1,nc,no_cursor,2,False,40,100,0,0,490.268443596,411.384070199,0.856150865555,603,393,603,393
1,nc,no_cursor,2,False,40,100,0,0,490.268443596,411.384070199,0.872766971588,603,393,603,393
1,nc,no_cursor,2,False,40,100,0,0,490.268443596,411.384070199,0.889454841614,603,393,603,393
1,nc,no_cursor,2,False,40,100,0,0,490.268443596,411.384070199,0.906088829041,603,393,603,393
1,nc,no_cursor,2,False,40,100,0,0,490.268443596,411.384070199,0.922752857208,603,393,603,393
1,nc,no_cursor,2,False,40,100,0,0,490.268443596,411.384070199,0.939404964447,603,393,603,393
1,nc,no_cursor,2,False,40,100,0,0,490.268443596,411.384070199,0.956095933914,603,393,603,393
1,nc,no_cursor,2,False,40,100,0,0,490.268443596,411.384070199,0.972661972046,603,393,603,393
1,nc,no_cursor,2,False,40,100,0,0,490.268443596,411.384070199,0.989605903625,603,393,603,393
1,nc,no_cursor,2,False,40,100,0,0,490.268443596,411.384070199,1.00662183762,603,393,603,393
1,nc,no_cursor,2,False,40,100,0,0,490.268443596,411.384070199,1.02315092087,603,393,603,393
1,nc,no_cursor,2,False,40,100,0,0,490.268443596,411.384070199,1.0395488739,603,393,603,393
1,nc,no_cursor,2,False,40,100,0,0,490.268443596,411.384070199,1.05616497993,603,393,603,393
1,nc,no_cursor,2,False,40,100,0,0,490.268443596,411.384070199,1.07307386398,603,393,603,393
1,nc,no_cursor,2,False,40,100,0,0,490.268443596,411.384070199,1.0893638134,603,393,603,393
1,nc,no_cursor,2,False,40,100,0,0,490.268443596,411.384070199,1.10601186752,603,393,603,393
1,nc,no_cursor,2,False,40,100,0,0,490.268443596,411.384070199,1.12313485146,603,393,603,393
1,nc,no_cursor,2,False,40,100,0,0,490.268443596,411.384070199,1.13933777809,603,393,603,393
1,nc,no_cursor,2,False,40,100,0,0,490.268443596,411.384070199,1.15602993965,603,393,603,393
1,nc,no_cursor,2,False,40,100,0,0,490.268443596,411.384070199,1.1731197834,603,393,603,393
1,nc,no_cursor,2,False,40,100,0,0,490.268443596,411.384070199,1.18972992897,603,393,603,393
1,nc,no_cursor,2,False,40,100,0,0,490.268443596,411.384070199,1.20600390434,603,393,603,393
1,nc,no_cursor,2,False,40,100,0,0,490.268443596,411.384070199,1.22287678719,603,393,603,393
1,nc,no_cursor,2,False,40,100,0,0,490.268443596,411.384070199,1.23931884766,603,393,603,393
1,nc,no_cursor,2,False,40,100,0,0,490.268443596,411.384070199,1.25596499443,603,393,603,393
1,nc,no_cursor,2,False,40,100,0,0,490.268443596,411.384070199,1.27312898636,603,393,603,393
1,nc,no_cursor,2,False,40,100,0,0,490.268443596,411.384070199,1.29004597664,603,393,603,393
1,nc,no_cursor,2,False,40,100,0,0,490.268443596,411.384070199,1.30634379387,603,393,603,393
1,nc,no_cursor,2,False,40,100,0,0,490.268443596,411.384070199,1.32295799255,603,393,603,393
1,nc,no_cursor,2,False,40,100,0,0,490.268443596,411.384070199,1.33954977989,603,393,603,393
1,nc,no_cursor,2,False,40,100,0,0,490.268443596,411.384070199,1.35621094704,603,393,603,393
1,nc,no_cursor,2,False,40,100,0,0,490.268443596,411.384070199,1.37293887138,603,393,603,393
1,nc,no_cursor,2,False,40,100,0,0,490.268443596,411.384070199,1.38940000534,603,393,603,393
1,nc,no_cursor,2,False,40,100,0,0,490.268443596,411.384070199,1.4059009552,603,393,603,393
1,nc,no_cursor,2,False,40,100,0,0,490.268443596,411.384070199,1.42258286476,603,393,603,393
1,nc,no_cursor,2,False,40,100,0,0,490.268443596,411.384070199,1.43982887268,603,393,603,393
1,nc,no_cursor,2,False,40,100,0,0,490.268443596,411.384070199,1.45636677742,603,393,603,393
1,nc,no_cursor,2,False,40,100,0,0,490.268443596,411.384070199,1.47269678116,603,393,603,393
1,nc,no_cursor,2,False,40,100,0,0,490.268443596,411.384070199,1.48925900459,603,393,603,393
1,nc,no_cursor,2,False,40,100,0,0,490.268443596,411.384070199,1.50587797165,603,393,603,393
1,nc,no_cursor,2,False,40,100,0,0,490.268443596,411.384070199,1.52254199982,603,393,603,393
1,nc,no_cursor,2,False,40,100,0,0,490.268443596,411.384070199,1.53920078278,603,393,603,393
1,nc,no_cursor,2,False,40,100,0,0,490.268443596,411.384070199,1.55587100983,603,393,603,393
1,nc,no_cursor,2,False,40,100,0,0,490.268443596,411.384070199,1.57281088829,603,393,603,393
1,nc,no_cursor,2,False,40,100,0,0,490.268443596,411.384070199,1.58917188644,603,393,603,393
1,nc,no_cursor,2,False,40,100,0,0,490.268443596,411.384070199,1.60635685921,603,393,603,393
1,nc,no_cursor,2,False,40,100,0,0,490.268443596,411.384070199,1.62261986732,603,393,603,393
1,nc,no_cursor,2,False,40,100,0,0,490.268443596,411.384070199,1.63937187195,603,393,603,393
1,nc,no_cursor,2,False,40,100,0,0,490.268443596,411.384070199,1.65645289421,603,393,603,393
1,nc,no_cursor,2,False,40,100,0,0,490.268443596,411.384070199,1.67293095589,603,393,603,393
1,nc,no_cursor,2,False,40,100,0,0,490.268443596,411.384070199,1.68969082832,603,393,603,393
1,nc,no_cursor,2,False,40,100,0,0,490.268443596,411.384070199,1.70594787598,603,393,603,393
1,nc,no_cursor,2,False,40,100,0,0,490.268443596,411.384070199,1.72257685661,603,393,603,393
1,nc,no_cursor,2,False,40,100,0,0,490.268443596,411.384070199,1.73926496506,603,393,603,393
1,nc,no_cursor,2,False,40,100,0,0,490.268443596,411.384070199,1.75590586662,603,393,603,393
1,nc,no_cursor,2,False,40,100,0,0,490.268443596,411.384070199,1.77272200584,603,393,603,393
1,nc,no_cursor,2,False,40,100,0,0,490.268443596,411.384070199,1.7892677784,603,393,603,393
1,nc,no_cursor,2,False,40,100,0,0,490.268443596,411.384070199,1.80641198158,603,393,603,393
1,nc,no_cursor,2,False,40,100,0,0,490.268443596,411.384070199,1.82257986069,603,393,603,393
1,nc,no_cursor,2,False,40,100,0,0,490.268443596,411.384070199,1.83928394318,598,392,598,392
1,nc,no_cursor,2,False,40,100,0,0,490.268443596,411.384070199,1.85631489754,592,388,592,388
1,nc,no_cursor,2,False,40,100,0,0,490.268443596,411.384070199,1.8725528717,574,375,574,375
1,nc,no_cursor,2,False,40,100,0,0,490.268443596,411.384070199,1.88958787918,550,357,550,357
1,nc,no_cursor,2,False,40,100,0,0,490.268443596,411.384070199,1.9059278965,516,323,516,323
1,nc,no_cursor,2,False,40,100,0,0,490.268443596,411.384070199,1.92292690277,476,293,476,293
1,nc,no_cursor,2,False,40,100,0,0,490.268443596,411.384070199,1.93934082985,444,269,444,269
1,nc,no_cursor,2,False,40,100,0,0,490.268443596,411.384070199,1.95617985725,404,235,404,235
1,nc,no_cursor,2,False,40,100,0,0,490.268443596,411.384070199,1.97291278839,384,217,384,217
1,nc,no_cursor,2,False,40,100,0,0,490.268443596,411.384070199,1.98966193199,370,203,370,203
1,nc,no_cursor,2,False,40,100,0,0,490.268443596,411.384070199,2.00633096695,362,188,362,188
1,nc,no_cursor,2,False,40,100,0,0,490.268443596,411.384070199,2.02304196358,358,178,358,178
1,nc,no_cursor,2,False,40,100,0,0,490.268443596,411.384070199,2.0397439003,357,172,357,172
1,nc,no_cursor,2,False,40,100,0,0,490.268443596,411.384070199,2.05622887611,354,168,354,168
1,nc,no_cursor,2,False,40,100,0,0,490.268443596,411.384070199,2.07271885872,352,166,352,166
1,nc,no_cursor,2,False,40,100,0,0,490.268443596,411.384070199,2.08954000473,351,165,351,165
1,nc,no_cursor,2,False,40,100,0,0,490.268443596,411.384070199,2.10594582558,349,165,349,165
1,nc,no_cursor,2,False,40,100,0,0,490.268443596,411.384070199,2.12260580063,347,162,347,162
1,nc,no_cursor,2,False,40,100,0,0,490.268443596,411.384070199,2.13950800896,345,161,345,161
1,nc,no_cursor,2,False,40,100,0,0,490.268443596,411.384070199,2.15601491928,343,157,343,157
1,nc,no_cursor,2,False,40,100,0,0,490.268443596,411.384070199,2.17280292511,337,151,337,151
1,nc,no_cursor,2,False,40,100,0,0,490.268443596,411.384070199,2.18958497047,333,146,333,146
1,nc,no_cursor,2,False,40,100,0,0,490.268443596,411.384070199,2.20598578453,321,132,321,132
1,nc,no_cursor,2,False,40,100,0,0,490.268443596,411.384070199,2.22259998322,314,125,314,125
1,nc,no_cursor,2,False,40,100,0,0,490.268443596,411.384070199,2.23915481567,305,114,305,114
1,nc,no_cursor,2,False,40,100,0,0,490.268443596,411.384070199,2.25618290901,301,107,301,107
1,nc,no_cursor,2,False,40,100,0,0,490.268443596,411.384070199,2.27296996117,301,101,301,101
1,nc,no_cursor,2,False,40,100,0,0,490.268443596,411.384070199,2.28957796097,299,99,299,99
1,nc,no_cursor,2,False,40,100,0,0,490.268443596,411.384070199,2.30620384216,298,95,298,95
1,nc,no_cursor,2,False,40,100,0,0,490.268443596,411.384070199,2.32278299332,294,92,294,92
1,nc,no_cursor,2,False,40,100,0,0,490.268443596,411.384070199,2.33947181702,292,90,292,90
1,nc,no_cursor,2,False,40,100,0,0,490.268443596,411.384070199,2.35612487793,289,85,289,85
1,nc,no_cursor,2,False,40,100,0,0,490.268443596,411.384070199,2.37286090851,286,79,286,79
1,nc,no_cursor,2,False,40,100,0,0,490.268443596,411.384070199,2.38929891586,283,73,283,73
1,nc,no_cursor,2,False,40,100,0,0,490.268443596,411.384070199,2.4058778286,283,67,283,67
1,nc,no_cursor,2,False,40,100,0,0,490.268443596,411.384070199,2.42253899574,281,59,281,59
1,nc,no_cursor,2,False,40,100,0,0,490.268443596,411.384070199,2.43924880028,276,53,276,53
1,nc,no_cursor,2,False,40,100,0,0,490.268443596,411.384070199,2.45584082603,260,39,260,39
1,nc,no_cursor,2,False,40,100,0,0,490.268443596,411.384070199,2.47245979309,250,29,250,29
1,nc,no_cursor,2,False,40,100,0,0,490.268443596,411.384070199,2.48917388916,242,26,242,26
1,nc,no_cursor,2,False,40,100,0,0,490.268443596,411.384070199,2.50560593605,242,26,242,26
1,nc,no_cursor,2,False,40,100,0,0,490.268443596,411.384070199,2.52261900902,241,26,241,26
1,nc,no_cursor,2,False,40,100,0,0,490.268443596,411.384070199,2.53886985779,241,26,241,26
1,nc,no_cursor,2,False,40,100,0,0,490.268443596,411.384070199,2.55580878258,240,28,240,28
1,nc,no_cursor,2,False,40,100,0,0,490.268443596,411.384070199,2.5721719265,240,28,240,28
1,nc,no_cursor,2,False,40,100,0,0,490.268443596,411.384070199,2.58938598633,238,29,238,29
1,nc,no_cursor,2,False,40,100,0,0,490.268443596,411.384070199,2.60592794418,236,26,236,26
1,nc,no_cursor,2,False,40,100,0,0,490.268443596,411.384070199,2.62226200104,232,20,232,20
1,nc,no_cursor,2,False,40,100,0,0,490.268443596,411.384070199,2.63916897774,221,2,221,2
1,nc,no_cursor,2,False,40,100,0,0,490.268443596,411.384070199,2.65559482574,205,-18,205,-18
1,nc,no_cursor,2,False,40,100,0,0,490.268443596,411.384070199,2.67266988754,179,-52,179,-52
1,nc,no_cursor,2,False,40,100,0,0,490.268443596,411.384070199,2.68893694878,165,-73,165,-73
1,nc,no_cursor,2,False,40,100,0,0,490.268443596,411.384070199,2.70585680008,155,-95,155,-95
1,nc,no_cursor,2,False,40,100,0,0,490.268443596,411.384070199,2.72223782539,154,-104,154,-104
1,nc,no_cursor,2,False,40,100,0,0,490.268443596,411.384070199,2.73891782761,152,-113,152,-113
1,nc,no_cursor,2,False,40,100,0,0,490.268443596,411.384070199,2.7559709549,150,-119,150,-119
1,nc,no_cursor,2,False,40,100,0,0,490.268443596,411.384070199,2.77265977859,147,-130,147,-130
1,nc,no_cursor,2,False,40,100,0,0,490.268443596,411.384070199,2.78916883469,146,-135,146,-135
1,nc,no_cursor,2,False,40,100,0,0,490.268443596,411.384070199,2.80604481697,145,-136,145,-136
1,nc,no_cursor,2,False,40,100,0,0,490.268443596,411.384070199,2.82248282433,145,-136,145,-136
1,nc,no_cursor,2,False,40,100,0,0,490.268443596,411.384070199,2.83902192116,141,-135,141,-135
1,nc,no_cursor,2,False,40,100,0,0,490.268443596,411.384070199,2.85591888428,126,-135,126,-135
1,nc,no_cursor,2,False,40,100,0,0,490.268443596,411.384070199,2.87261486053,119,-135,119,-135
1,nc,no_cursor,2,False,40,100,0,0,490.268443596,411.384070199,2.88927793503,117,-135,117,-135
1,nc,no_cursor,2,False,40,100,0,0,490.268443596,411.384070199,2.90551495552,116,-134,116,-134
1,nc,no_cursor,2,False,40,100,0,0,490.268443596,411.384070199,2.92259979248,115,-133,115,-133
1,nc,no_cursor,2,False,40,100,0,0,490.268443596,411.384070199,2.93911480904,114,-132,114,-132
1,nc,no_cursor,2,False,40,100,0,0,490.268443596,411.384070199,2.9558339119,111,-131,111,-131
1,nc,no_cursor,2,False,40,100,0,0,490.268443596,411.384070199,2.97255396843,106,-131,106,-131
1,nc,no_cursor,2,False,40,100,0,0,490.268443596,411.384070199,2.98936581612,101,-131,101,-131
1,nc,no_cursor,2,False,40,100,0,0,490.268443596,411.384070199,3.00605177879,89,-131,89,-131
1,nc,no_cursor,2,False,40,100,0,0,490.268443596,411.384070199,3.0226829052,83,-132,83,-132
1,nc,no_cursor,2,False,40,100,0,0,490.268443596,411.384070199,3.03911995888,77,-131,77,-131
1,nc,no_cursor,2,False,40,100,0,0,490.268443596,411.384070199,3.05579185486,74,-130,74,-130
1,nc,no_cursor,2,False,40,100,0,0,490.268443596,411.384070199,3.07254695892,74,-126,74,-126
1,nc,no_cursor,2,False,40,100,0,0,490.268443596,411.384070199,3.08917999268,74,-120,74,-120
1,nc,no_cursor,2,False,40,100,0,0,490.268443596,411.384070199,3.10570597649,75,-113,75,-113
1,nc,no_cursor,2,False,40,100,0,0,490.268443596,411.384070199,3.12231779099,74,-103,74,-103
1,nc,no_cursor,2,False,40,100,0,0,490.268443596,411.384070199,3.13921189308,74,-90,74,-90
1,nc,no_cursor,2,False,40,100,0,0,490.268443596,411.384070199,3.15567994118,74,-79,74,-79
1,nc,no_cursor,2,False,40,100,0,0,490.268443596,411.384070199,3.17244696617,70,-65,70,-65
1,nc,no_cursor,2,False,40,100,0,0,490.268443596,411.384070199,3.18903183937,69,-54,69,-54
1,nc,no_cursor,2,False,40,100,0,0,490.268443596,411.384070199,3.20574593544,69,-41,69,-41
1,nc,no_cursor,2,False,40,100,0,0,490.268443596,411.384070199,3.22239995003,69,-41,69,-41
1,nc,no_cursor,2,False,40,100,0,0,490.268443596,411.384070199,3.23914790154,69,-39,69,-39
1,nc,no_cursor,2,False,40,100,0,0,490.268443596,411.384070199,3.25569796562,69,-39,69,-39
1,nc,no_cursor,2,False,40,100,0,0,490.268443596,411.384070199,3.27221083641,69,-37,69,-37
1,nc,no_cursor,2,False,40,100,0,0,490.268443596,411.384070199,3.28964996338,70,-36,70,-36
1,nc,no_cursor,2,False,40,100,0,0,490.268443596,411.384070199,3.30550193787,70,-36,70,-36
1,nc,no_cursor,2,False,40,100,0,0,490.268443596,411.384070199,3.32245397568,70,-36,70,-36
1,nc,no_cursor,2,False,40,100,0,0,490.268443596,411.384070199,3.33871889114,70,-36,70,-36
1,nc,no_cursor,2,False,40,100,0,0,490.268443596,411.384070199,3.35579681396,68,-36,68,-36
1,nc,no_cursor,2,False,40,100,0,0,490.268443596,411.384070199,3.3720369339,63,-36,63,-36
1,nc,no_cursor,2,False,40,100,0,0,490.268443596,411.384070199,3.38898086548,34,-36,34,-36
1,nc,no_cursor,2,False,40,100,0,0,490.268443596,411.384070199,3.40578985214,4,-40,4,-40
1,nc,no_cursor,2,False,40,100,0,0,490.268443596,411.384070199,3.42257285118,-39,-37,-39,-37
1,nc,no_cursor,2,False,40,100,0,0,490.268443596,411.384070199,3.43914890289,-48,-37,-48,-37
1,nc,no_cursor,2,False,40,100,0,0,490.268443596,411.384070199,3.45556497574,-52,-35,-52,-35
1,nc,no_cursor,2,False,40,100,0,0,490.268443596,411.384070199,3.47240686417,-53,-32,-53,-32
1,nc,no_cursor,2,False,40,100,0,0,490.268443596,411.384070199,3.4890089035,-54,-31,-54,-31
1,nc,no_cursor,2,False,40,100,0,0,490.268443596,411.384070199,3.50569486618,-55,-28,-55,-28
1,nc,no_cursor,2,False,40,100,0,0,490.268443596,411.384070199,3.52248191833,-55,-24,-55,-24
1,nc,no_cursor,2,False,40,100,0,0,490.268443596,411.384070199,3.53905797005,-55,-24,-55,-24
1,nc,no_cursor,2,False,40,100,0,0,490.268443596,411.384070199,3.55560898781,-55,-20,-55,-20
1,nc,no_cursor,2,False,40,100,0,0,490.268443596,411.384070199,3.57236981392,-55,-20,-55,-20
1,nc,no_cursor,2,False,40,100,0,0,490.268443596,411.384070199,3.58905291557,-55,-20,-55,-20
1,nc,no_cursor,2,False,40,100,0,0,490.268443596,411.384070199,3.60566282272,-55,-18,-55,-18
1,nc,no_cursor,2,False,40,100,0,0,490.268443596,411.384070199,3.62236785889,-53,-16,-53,-16
1,nc,no_cursor,2,False,40,100,0,0,490.268443596,411.384070199,3.63895082474,-53,-16,-53,-16
1,nc,no_cursor,2,False,40,100,0,0,490.268443596,411.384070199,3.65559196472,-50,-15,-50,-15
1,nc,no_cursor,2,False,40,100,0,0,490.268443596,411.384070199,3.67219996452,-45,-13,-45,-13
1,nc,no_cursor,2,False,40,100,0,0,490.268443596,411.384070199,3.68879294395,-38,-13,-38,-13
1,nc,no_cursor,2,False,40,100,0,0,490.268443596,411.384070199,3.70542383194,-32,-13,-32,-13
1,nc,no_cursor,2,False,40,100,0,0,490.268443596,411.384070199,3.72232484818,-28,-12,-28,-12
1,nc,no_cursor,2,False,40,100,0,0,490.268443596,411.384070199,3.73898792267,-26,-11,-26,-11
1,nc,no_cursor,2,False,40,100,0,0,490.268443596,411.384070199,3.75547790527,-26,-11,-26,-11
1,nc,no_cursor,2,False,40,100,0,0,490.268443596,411.384070199,3.77194881439,-26,-11,-26,-11
1,nc,no_cursor,2,False,40,100,0,0,490.268443596,411.384070199,3.78876686096,-26,-11,-26,-11
1,nc,no_cursor,2,False,40,100,0,0,490.268443596,411.384070199,3.80541491508,-26,-11,-26,-11
1,nc,no_cursor,2,False,40,100,0,0,490.268443596,411.384070199,3.8220179081,-26,-11,-26,-11
1,nc,no_cursor,2,False,40,100,0,0,490.268443596,411.384070199,3.83868193626,-26,-11,-26,-11
1,nc,no_cursor,2,False,40,100,0,0,490.268443596,411.384070199,3.85528492928,-24,-11,-24,-11
1,nc,no_cursor,2,False,40,100,0,0,490.268443596,411.384070199,3.87199282646,-22,-11,-22,-11
1,nc,no_cursor,2,False,40,100,0,0,490.268443596,411.384070199,3.88879084587,-20,-11,-20,-11
1,nc,no_cursor,2,False,40,100,0,0,490.268443596,411.384070199,3.90541481972,-20,-11,-20,-11
1,nc,no_cursor,2,False,40,100,0,0,490.268443596,411.384070199,3.9220058918,-19,-10,-19,-10
1,nc,no_cursor,2,False,40,100,0,0,490.268443596,411.384070199,3.93862986565,-16,-8,-16,-8
1,nc,no_cursor,2,False,40,100,0,0,490.268443596,411.384070199,3.9554309845,-12,-7,-12,-7
1,nc,no_cursor,2,False,40,100,0,0,490.268443596,411.384070199,3.97203683853,-10,-5,-10,-5
1,nc,no_cursor,2,False,40,100,0,0,490.268443596,411.384070199,3.9884967804,-7,-4,-7,-4
1,nc,no_cursor,2,False,40,100,0,0,490.268443596,411.384070199,4.00549697876,-6,-3,-6,-3
1,nc,no_cursor,2,False,40,100,0,0,490.268443596,411.384070199,4.02201890945,-4,-1,-4,-1
1,nc,no_cursor,3,False,140,100,0,0,-490.268443596,411.384070199,0.0021641254425,2,1,2,1
1,nc,no_cursor,3,False,140,100,0,0,-490.268443596,411.384070199,0.0103330612183,2,1,2,1
1,nc,no_cursor,3,False,140,100,0,0,-490.268443596,411.384070199,0.0272581577301,4,1,4,1
1,nc,no_cursor,3,False,140,100,0,0,-490.268443596,411.384070199,0.0436730384827,5,2,5,2
1,nc,no_cursor,3,False,140,100,0,0,-490.268443596,411.384070199,0.0606861114502,5,2,5,2
1,nc,no_cursor,3,False,140,100,0,0,-490.268443596,411.384070199,0.0769701004028,6,3,6,3
1,nc,no_cursor,3,False,140,100,0,0,-490.268443596,411.384070199,0.0936350822449,6,3,6,3
1,nc,no_cursor,3,False,140,100,0,0,-490.268443596,411.384070199,0.11057806015,8,4,8,4
1,nc,no_cursor,3,False,140,100,0,0,-490.268443596,411.384070199,0.126955032349,8,4,8,4
1,nc,no_cursor,3,False,140,100,0,0,-490.268443596,411.384070199,0.144001960754,8,4,8,4
1,nc,no_cursor,3,False,140,100,0,0,-490.268443596,411.384070199,0.160660982132,8,4,8,4
1,nc,no_cursor,3,False,140,100,0,0,-490.268443596,411.384070199,0.176934957504,8,4,8,4
1,nc,no_cursor,3,False,140,100,0,0,-490.268443596,411.384070199,0.193987131119,8,4,8,4
1,nc,no_cursor,3,False,140,100,0,0,-490.268443596,411.384070199,0.210198163986,8,4,8,4
1,nc,no_cursor,3,False,140,100,0,0,-490.268443596,411.384070199,0.226912021637,8,4,8,4
1,nc,no_cursor,3,False,140,100,0,0,-490.268443596,411.384070199,0.244042158127,8,4,8,4
1,nc,no_cursor,3,False,140,100,0,0,-490.268443596,411.384070199,0.260233163834,8,4,8,4
1,nc,no_cursor,3,False,140,100,0,0,-490.268443596,411.384070199,0.276895999908,8,4,8,4
1,nc,no_cursor,3,False,140,100,0,0,-490.268443596,411.384070199,0.293992996216,8,6,8,6
1,nc,no_cursor,3,False,140,100,0,0,-490.268443596,411.384070199,0.310425043106,4,8,4,8
1,nc,no_cursor,3,False,140,100,0,0,-490.268443596,411.384070199,0.327365159988,-15,19,-15,19
1,nc,no_cursor,3,False,140,100,0,0,-490.268443596,411.384070199,0.343888998032,-59,39,-59,39
1,nc,no_cursor,3,False,140,100,0,0,-490.268443596,411.384070199,0.360604047775,-97,59,-97,59
1,nc,no_cursor,3,False,140,100,0,0,-490.268443596,411.384070199,0.377011060715,-163,95,-163,95
1,nc,no_cursor,3,False,140,100,0,0,-490.268443596,411.384070199,0.39376616478,-258,150,-258,150
1,nc,no_cursor,3,False,140,100,0,0,-490.268443596,411.384070199,0.41037106514,-324,182,-324,182
1,nc,no_cursor,3,False,140,100,0,0,-490.268443596,411.384070199,0.427067995071,-390,226,-390,226
1,nc,no_cursor,3,False,140,100,0,0,-490.268443596,411.384070199,0.44374704361,-422,248,-422,248
1,nc,no_cursor,3,False,140,100,0,0,-490.268443596,411.384070199,0.460433959961,-440,262,-440,262
1,nc,no_cursor,3,False,140,100,0,0,-490.268443596,411.384070199,0.476959943771,-449,273,-449,273
1,nc,no_cursor,3,False,140,100,0,0,-490.268443596,411.384070199,0.493459939957,-451,277,-451,277
1,nc,no_cursor,3,False,140,100,0,0,-490.268443596,411.384070199,0.510110139847,-453,279,-453,279
1,nc,no_cursor,3,False,140,100,0,0,-490.268443596,411.384070199,0.526993989944,-458,284,-458,284
1,nc,no_cursor,3,False,140,100,0,0,-490.268443596,411.384070199,0.543441057205,-461,285,-461,285
1,nc,no_cursor,3,False,140,100,0,0,-490.268443596,411.384070199,0.559862136841,-461,285,-461,285
1,nc,no_cursor,3,False,140,100,0,0,-490.268443596,411.384070199,0.576846122742,-461,285,-461,285
1,nc,no_cursor,3,False,140,100,0,0,-490.268443596,411.384070199,0.593601942062,-461,285,-461,285
1,nc,no_cursor,3,False,140,100,0,0,-490.268443596,411.384070199,0.610294103622,-461,285,-461,285
1,nc,no_cursor,3,False,140,100,0,0,-490.268443596,411.384070199,0.626964092255,-463,287,-463,287
1,nc,no_cursor,3,False,140,100,0,0,-490.268443596,411.384070199,0.643627166748,-463,287,-463,287
1,nc,no_cursor,3,False,140,100,0,0,-490.268443596,411.384070199,0.660248994827,-463,287,-463,287
1,nc,no_cursor,3,False,140,100,0,0,-490.268443596,411.384070199,0.676936149597,-463,287,-463,287
1,nc,no_cursor,3,False,140,100,0,0,-490.268443596,411.384070199,0.693532943726,-463,287,-463,287
1,nc,no_cursor,3,False,140,100,0,0,-490.268443596,411.384070199,0.710225105286,-463,287,-463,287
1,nc,no_cursor,3,False,140,100,0,0,-490.268443596,411.384070199,0.726858139038,-463,287,-463,287
1,nc,no_cursor,3,False,140,100,0,0,-490.268443596,411.384070199,0.743785142899,-463,287,-463,287
1,nc,no_cursor,3,False,140,100,0,0,-490.268443596,411.384070199,0.760468006134,-463,287,-463,287
1,nc,no_cursor,3,False,140,100,0,0,-490.268443596,411.384070199,0.776870012283,-463,287,-463,287
1,nc,no_cursor,3,False,140,100,0,0,-490.268443596,411.384070199,0.793502092361,-463,287,-463,287
1,nc,no_cursor,3,False,140,100,0,0,-490.268443596,411.384070199,0.810398101807,-463,287,-463,287
1,nc,no_cursor,3,False,140,100,0,0,-490.268443596,411.384070199,0.826710939407,-463,287,-463,287
1,nc,no_cursor,3,False,140,100,0,0,-490.268443596,411.384070199,0.843811035156,-463,287,-463,287
1,nc,no_cursor,3,False,140,100,0,0,-490.268443596,411.384070199,0.86043214798,-463,287,-463,287
1,nc,no_cursor,3,False,140,100,0,0,-490.268443596,411.384070199,0.876695156097,-463,287,-463,287
1,nc,no_cursor,3,False,140,100,0,0,-490.268443596,411.384070199,0.893363952637,-463,287,-463,287
1,nc,no_cursor,3,False,140,100,0,0,-490.268443596,411.384070199,0.910192966461,-463,287,-463,287
1,nc,no_cursor,3,False,140,100,0,0,-490.268443596,411.384070199,0.927070140839,-463,287,-463,287
1,nc,no_cursor,3,False,140,100,0,0,-490.268443596,411.384070199,0.943608045578,-463,287,-463,287
1,nc,no_cursor,3,False,140,100,0,0,-490.268443596,411.384070199,0.960170984268,-463,287,-463,287
1,nc,no_cursor,3,False,140,100,0,0,-490.268443596,411.384070199,0.976699113846,-463,287,-463,287
1,nc,no_cursor,3,False,140,100,0,0,-490.268443596,411.384070199,0.993610143661,-463,287,-463,287
1,nc,no_cursor,3,False,140,100,0,0,-490.268443596,411.384070199,1.00997114182,-463,287,-463,287
1,nc,no_cursor,3,False,140,100,0,0,-490.268443596,411.384070199,1.02700304985,-463,287,-463,287
1,nc,no_cursor,3,False,140,100,0,0,-490.268443596,411.384070199,1.04375100136,-463,287,-463,287
1,nc,no_cursor,3,False,140,100,0,0,-490.268443596,411.384070199,1.06042098999,-463,287,-463,287
1,nc,no_cursor,3,False,140,100,0,0,-490.268443596,411.384070199,1.07691407204,-463,287,-463,287
1,nc,no_cursor,3,False,140,100,0,0,-490.268443596,411.384070199,1.09330606461,-463,287,-463,287
1,nc,no_cursor,3,False,140,100,0,0,-490.268443596,411.384070199,1.11017298698,-463,287,-463,287
1,nc,no_cursor,3,False,140,100,0,0,-490.268443596,411.384070199,1.12658905983,-463,287,-463,287
1,nc,no_cursor,3,False,140,100,0,0,-490.268443596,411.384070199,1.14325499535,-463,287,-463,287
1,nc,no_cursor,3,False,140,100,0,0,-490.268443596,411.384070199,1.16022109985,-463,287,-463,287
1,nc,no_cursor,3,False,140,100,0,0,-490.268443596,411.384070199,1.17657613754,-463,287,-463,287
1,nc,no_cursor,3,False,140,100,0,0,-490.268443596,411.384070199,1.19341993332,-463,287,-463,287
1,nc,no_cursor,3,False,140,100,0,0,-490.268443596,411.384070199,1.20991611481,-463,287,-463,287
1,nc,no_cursor,3,False,140,100,0,0,-490.268443596,411.384070199,1.22657704353,-463,287,-463,287
1,nc,no_cursor,3,False,140,100,0,0,-490.268443596,411.384070199,1.24357295036,-463,287,-463,287
1,nc,no_cursor,3,False,140,100,0,0,-490.268443596,411.384070199,1.26020812988,-463,287,-463,287
1,nc,no_cursor,3,False,140,100,0,0,-490.268443596,411.384070199,1.27654409409,-463,287,-463,287
1,nc,no_cursor,3,False,140,100,0,0,-490.268443596,411.384070199,1.29332709312,-463,287,-463,287
1,nc,no_cursor,3,False,140,100,0,0,-490.268443596,411.384070199,1.31015110016,-463,287,-463,287
1,nc,no_cursor,3,False,140,100,0,0,-490.268443596,411.384070199,1.32652997971,-463,287,-463,287
1,nc,no_cursor,3,False,140,100,0,0,-490.268443596,411.384070199,1.3432071209,-463,287,-463,287
1,nc,no_cursor,3,False,140,100,0,0,-490.268443596,411.384070199,1.35984301567,-463,287,-463,287
1,nc,no_cursor,3,False,140,100,0,0,-490.268443596,411.384070199,1.37684106827,-463,287,-463,287
1,nc,no_cursor,3,False,140,100,0,0,-490.268443596,411.384070199,1.39326810837,-463,287,-463,287
1,nc,no_cursor,3,False,140,100,0,0,-490.268443596,411.384070199,1.40983700752,-463,287,-463,287
1,nc,no_cursor,3,False,140,100,0,0,-490.268443596,411.384070199,1.42664599419,-463,287,-463,287
1,nc,no_cursor,3,False,140,100,0,0,-490.268443596,411.384070199,1.44365906715,-463,287,-463,287
1,nc,no_cursor,3,False,140,100,0,0,-490.268443596,411.384070199,1.46025109291,-463,287,-463,287
1,nc,no_cursor,3,False,140,100,0,0,-490.268443596,411.384070199,1.47657012939,-463,287,-463,287
1,nc,no_cursor,3,False,140,100,0,0,-490.268443596,411.384070199,1.49328112602,-463,287,-463,287
1,nc,no_cursor,3,False,140,100,0,0,-490.268443596,411.384070199,1.50993013382,-463,287,-463,287
1,nc,no_cursor,3,False,140,100,0,0,-490.268443596,411.384070199,1.52702093124,-463,287,-463,287
1,nc,no_cursor,3,False,140,100,0,0,-490.268443596,411.384070199,1.54329013824,-463,287,-463,287
1,nc,no_cursor,3,False,140,100,0,0,-490.268443596,411.384070199,1.56033611298,-463,287,-463,287
1,nc,no_cursor,3,False,140,100,0,0,-490.268443596,411.384070199,1.57647609711,-463,287,-463,287
1,nc,no_cursor,3,False,140,100,0,0,-490.268443596,411.384070199,1.59362506866,-463,287,-463,287
1,nc,no_cursor,3,False,140,100,0,0,-490.268443596,411.384070199,1.60991406441,-463,287,-463,287
1,nc,no_cursor,3,False,140,100,0,0,-490.268443596,411.384070199,1.62655901909,-463,287,-463,287
1,nc,no_cursor,3,False,140,100,0,0,-490.268443596,411.384070199,1.64322900772,-463,287,-463,287
1,nc,no_cursor,3,False,140,100,0,0,-490.268443596,411.384070199,1.66023802757,-463,287,-463,287
1,nc,no_cursor,3,False,140,100,0,0,-490.268443596,411.384070199,1.67657709122,-463,287,-463,287
1,nc,no_cursor,3,False,140,100,0,0,-490.268443596,411.384070199,1.69310498238,-463,287,-463,287
1,nc,no_cursor,3,False,140,100,0,0,-490.268443596,411.384070199,1.7101521492,-462,287,-462,287
1,nc,no_cursor,3,False,140,100,0,0,-490.268443596,411.384070199,1.72657203674,-458,283,-458,283
1,nc,no_cursor,3,False,140,100,0,0,-490.268443596,411.384070199,1.74334001541,-445,270,-445,270
1,nc,no_cursor,3,False,140,100,0,0,-490.268443596,411.384070199,1.76021695137,-431,256,-431,256
1,nc,no_cursor,3,False,140,100,0,0,-490.268443596,411.384070199,1.7766430378,-397,222,-397,222
1,nc,no_cursor,3,False,140,100,0,0,-490.268443596,411.384070199,1.79319906235,-334,161,-334,161
1,nc,no_cursor,3,False,140,100,0,0,-490.268443596,411.384070199,1.81027698517,-298,123,-298,123
1,nc,no_cursor,3,False,140,100,0,0,-490.268443596,411.384070199,1.82652902603,-254,85,-254,85
1,nc,no_cursor,3,False,140,100,0,0,-490.268443596,411.384070199,1.84331703186,-218,57,-218,57
1,nc,no_cursor,3,False,140,100,0,0,-490.268443596,411.384070199,1.85974502563,-200,39,-200,39
1,nc,no_cursor,3,False,140,100,0,0,-490.268443596,411.384070199,1.8764770031,-180,19,-180,19
1,nc,no_cursor,3,False,140,100,0,0,-490.268443596,411.384070199,1.8934431076,-173,16,-173,16
1,nc,no_cursor,3,False,140,100,0,0,-490.268443596,411.384070199,1.90978503227,-173,16,-173,16
1,nc,no_cursor,3,False,140,100,0,0,-490.268443596,411.384070199,1.92686200142,-173,16,-173,16
1,nc,no_cursor,3,False,140,100,0,0,-490.268443596,411.384070199,1.94321298599,-173,16,-173,16
1,nc,no_cursor,3,False,140,100,0,0,-490.268443596,411.384070199,1.96011304855,-173,16,-173,16
1,nc,no_cursor,3,False,140,100,0,0,-490.268443596,411.384070199,1.97690796852,-173,16,-173,16
1,nc,no_cursor,3,False,140,100,0,0,-490.268443596,411.384070199,1.99314904213,-173,16,-173,16
1,nc,no_cursor,3,False,140,100,0,0,-490.268443596,411.384070199,2.00975394249,-173,16,-173,16
1,nc,no_cursor,3,False,140,100,0,0,-490.268443596,411.384070199,2.02676105499,-173,16,-173,16
1,nc,no_cursor,3,False,140,100,0,0,-490.268443596,411.384070199,2.04345703125,-170,13,-170,13
1,nc,no_cursor,3,False,140,100,0,0,-490.268443596,411.384070199,2.06009507179,-161,5,-161,5
1,nc,no_cursor,3,False,140,100,0,0,-490.268443596,411.384070199,2.07677793503,-149,2,-149,2
1,nc,no_cursor,3,False,140,100,0,0,-490.268443596,411.384070199,2.09326004982,-145,1,-145,1
1,nc,no_cursor,3,False,140,100,0,0,-490.268443596,411.384070199,2.10986113548,-144,-2,-144,-2
1,nc,no_cursor,3,False,140,100,0,0,-490.268443596,411.384070199,2.12637495995,-144,-2,-144,-2
1,nc,no_cursor,3,False,140,100,0,0,-490.268443596,411.384070199,2.14340400696,-142,-2,-142,-2
1,nc,no_cursor,3,False,140,100,0,0,-490.268443596,411.384070199,2.16011810303,-138,-2,-138,-2
1,nc,no_cursor,3,False,140,100,0,0,-490.268443596,411.384070199,2.17635703087,-134,-3,-134,-3
1,nc,no_cursor,3,False,140,100,0,0,-490.268443596,411.384070199,2.19305515289,-128,-4,-128,-4
1,nc,no_cursor,3,False,140,100,0,0,-490.268443596,411.384070199,2.21015000343,-126,-6,-126,-6
1,nc,no_cursor,3,False,140,100,0,0,-490.268443596,411.384070199,2.22642397881,-124,-8,-124,-8
1,nc,no_cursor,3,False,140,100,0,0,-490.268443596,411.384070199,2.24338412285,-120,-11,-120,-11
1,nc,no_cursor,3,False,140,100,0,0,-490.268443596,411.384070199,2.26004910469,-110,-15,-110,-15
1,nc,no_cursor,3,False,140,100,0,0,-490.268443596,411.384070199,2.27632403374,-104,-18,-104,-18
1,nc,no_cursor,3,False,140,100,0,0,-490.268443596,411.384070199,2.29302811623,-100,-19,-100,-19
1,nc,no_cursor,3,False,140,100,0,0,-490.268443596,411.384070199,2.3100631237,-96,-20,-96,-20
1,nc,no_cursor,3,False,140,100,0,0,-490.268443596,411.384070199,2.32654809952,-94,-20,-94,-20
1,nc,no_cursor,3,False,140,100,0,0,-490.268443596,411.384070199,2.34335899353,-92,-20,-92,-20
1,nc,no_cursor,3,False,140,100,0,0,-490.268443596,411.384070199,2.36003994942,-90,-21,-90,-21
1,nc,no_cursor,3,False,140,100,0,0,-490.268443596,411.384070199,2.37666511536,-86,-23,-86,-23
1,nc,no_cursor,3,False,140,100,0,0,-490.268443596,411.384070199,2.39325904846,-82,-26,-82,-26
1,nc,no_cursor,3,False,140,100,0,0,-490.268443596,411.384070199,2.41000294685,-68,-29,-68,-29
1,nc,no_cursor,3,False,140,100,0,0,-490.268443596,411.384070199,2.42669415474,-55,-33,-55,-33
1,nc,no_cursor,3,False,140,100,0,0,-490.268443596,411.384070199,2.44331812859,-43,-37,-43,-37
1,nc,no_cursor,3,False,140,100,0,0,-490.268443596,411.384070199,2.45998215675,-31,-40,-31,-40
1,nc,no_cursor,3,False,140,100,0,0,-490.268443596,411.384070199,2.47649812698,-20,-40,-20,-40
1,nc,no_cursor,3,False,140,100,0,0,-490.268443596,411.384070199,2.4933450222,-14,-41,-14,-41
1,nc,no_cursor,3,False,140,100,0,0,-490.268443596,411.384070199,2.50973010063,-12,-42,-12,-42
1,nc,no_cursor,3,False,140,100,0,0,-490.268443596,411.384070199,2.52636313438,-8,-42,-8,-42
1,nc,no_cursor,3,False,140,100,0,0,-490.268443596,411.384070199,2.54335808754,-4,-42,-4,-42
1,nc,no_cursor,3,False,140,100,0,0,-490.268443596,411.384070199,2.55996799469,0,-42,0,-42
1,nc,no_cursor,3,False,140,100,0,0,-490.268443596,411.384070199,2.57667613029,3,-41,3,-41
1,nc,no_cursor,3,False,140,100,0,0,-490.268443596,411.384070199,2.59301114082,4,-37,4,-37
1,nc,no_cursor,3,False,140,100,0,0,-490.268443596,411.384070199,2.61004114151,6,-34,6,-34
1,nc,no_cursor,3,False,140,100,0,0,-490.268443596,411.384070199,2.62664198875,10,-32,10,-32
1,nc,no_cursor,3,False,140,100,0,0,-490.268443596,411.384070199,2.64325904846,13,-27,13,-27
1,nc,no_cursor,3,False,140,100,0,0,-490.268443596,411.384070199,2.65992212296,15,-23,15,-23
1,nc,no_cursor,3,False,140,100,0,0,-490.268443596,411.384070199,2.67656993866,15,-19,15,-19
1,nc,no_cursor,3,False,140,100,0,0,-490.268443596,411.384070199,2.69300508499,15,-17,15,-17
1,nc,no_cursor,3,False,140,100,0,0,-490.268443596,411.384070199,2.70953702927,16,-16,16,-16
1,nc,no_cursor,3,False,140,100,0,0,-490.268443596,411.384070199,2.72617506981,16,-16,16,-16
1,nc,no_cursor,3,False,140,100,0,0,-490.268443596,411.384070199,2.74335312843,16,-16,16,-16
1,nc,no_cursor,3,False,140,100,0,0,-490.268443596,411.384070199,2.7595000267,16,-16,16,-16
1,nc,no_cursor,3,False,140,100,0,0,-490.268443596,411.384070199,2.77660894394,16,-16,16,-16
1,nc,no_cursor,3,False,140,100,0,0,-490.268443596,411.384070199,2.79281497002,16,-16,16,-16
1,nc,no_cursor,3,False,140,100,0,0,-490.268443596,411.384070199,2.80950093269,16,-16,16,-16
1,nc,no_cursor,3,False,140,100,0,0,-490.268443596,411.384070199,2.82652211189,16,-16,16,-16
1,nc,no_cursor,3,False,140,100,0,0,-490.268443596,411.384070199,2.84320116043,16,-16,16,-16
1,nc,no_cursor,3,False,140,100,0,0,-490.268443596,411.384070199,2.85985994339,16,-16,16,-16
1,nc,no_cursor,3,False,140,100,0,0,-490.268443596,411.384070199,2.87652015686,16,-16,16,-16
1,nc,no_cursor,3,False,140,100,0,0,-490.268443596,411.384070199,2.8928129673,16,-16,16,-16
1,nc,no_cursor,3,False,140,100,0,0,-490.268443596,411.384070199,2.90947008133,16,-16,16,-16
1,nc,no_cursor,3,False,140,100,0,0,-490.268443596,411.384070199,2.92649912834,16,-16,16,-16
1,nc,no_cursor,3,False,140,100,0,0,-490.268443596,411.384070199,2.94307994843,16,-16,16,-16
1,nc,no_cursor,3,False,140,100,0,0,-490.268443596,411.384070199,2.95988607407,16,-16,16,-16
1,nc,no_cursor,3,False,140,100,0,0,-490.268443596,411.384070199,2.97662305832,16,-16,16,-16
1,nc,no_cursor,3,False,140,100,0,0,-490.268443596,411.384070199,2.99291610718,16,-16,16,-16
1,nc,no_cursor,3,False,140,100,0,0,-490.268443596,411.384070199,3.00983405113,16,-16,16,-16
1,nc,no_cursor,3,False,140,100,0,0,-490.268443596,411.384070199,3.02621603012,16,-16,16,-16
1,nc,no_cursor,3,False,140,100,0,0,-490.268443596,411.384070199,3.04277896881,16,-16,16,-16
1,nc,no_cursor,3,False,140,100,0,0,-490.268443596,411.384070199,3.0597910881,16,-16,16,-16
1,nc,no_cursor,3,False,140,100,0,0,-490.268443596,411.384070199,3.07645201683,16,-16,16,-16
1,nc,no_cursor,3,False,140,100,0,0,-490.268443596,411.384070199,3.09275507927,16,-16,16,-16
1,nc,no_cursor,3,False,140,100,0,0,-490.268443596,411.384070199,3.1094019413,16,-16,16,-16
1,nc,no_cursor,3,False,140,100,0,0,-490.268443596,411.384070199,3.1264269352,16,-16,16,-16
1,nc,no_cursor,3,False,140,100,0,0,-490.268443596,411.384070199,3.14310002327,15,-15,15,-15
1,nc,no_cursor,3,False,140,100,0,0,-490.268443596,411.384070199,3.15973711014,15,-15,15,-15
1,nc,no_cursor,3,False,140,100,0,0,-490.268443596,411.384070199,3.17647099495,15,-15,15,-15
1,nc,no_cursor,3,False,140,100,0,0,-490.268443596,411.384070199,3.19285297394,15,-15,15,-15
1,nc,no_cursor,3,False,140,100,0,0,-490.268443596,411.384070199,3.20951199532,15,-13,15,-13
1,nc,no_cursor,3,False,140,100,0,0,-490.268443596,411.384070199,3.22644495964,13,-11,13,-11
1,nc,no_cursor,3,False,140,100,0,0,-490.268443596,411.384070199,3.24306511879,12,-10,12,-10
1,nc,no_cursor,3,False,140,100,0,0,-490.268443596,411.384070199,3.25981593132,11,-9,11,-9
1,nc,no_cursor,3,False,140,100,0,0,-490.268443596,411.384070199,3.27637910843,11,-9,11,-9
1,nc,no_cursor,3,False,140,100,0,0,-490.268443596,411.384070199,3.29265809059,11,-8,11,-8
1,nc,no_cursor,3,False,140,100,0,0,-490.268443596,411.384070199,3.30921697617,9,-7,9,-7
1,nc,no_cursor,3,False,140,100,0,0,-490.268443596,411.384070199,3.32637214661,9,-7,9,-7
1,nc,no_cursor,3,False,140,100,0,0,-490.268443596,411.384070199,3.34306907654,9,-7,9,-7
1,nc,no_cursor,3,False,140,100,0,0,-490.268443596,411.384070199,3.35967803001,9,-7,9,-7
1,nc,no_cursor,3,False,140,100,0,0,-490.268443596,411.384070199,3.37636494637,8,-6,8,-6
1,nc,no_cursor,3,False,140,100,0,0,-490.268443596,411.384070199,3.39262914658,4,-6,4,-6
1,nc,no_cursor,3,False,140,100,0,0,-490.268443596,411.384070199,3.40927004814,0,-6,0,-6
1,nc,no_cursor,3,False,140,100,0,0,-490.268443596,411.384070199,3.42639899254,-3,-5,-3,-5
1,nc,no_cursor,3,False,140,100,0,0,-490.268443596,411.384070199,3.44258594513,-3,-5,-3,-5
1,nc,no_cursor,3,False,140,100,0,0,-490.268443596,411.384070199,3.45927906036,-3,-5,-3,-5
1,nc,no_cursor,3,False,140,100,0,0,-490.268443596,411.384070199,3.4763071537,-3,-5,-3,-5
1,nc,no_cursor,3,False,140,100,0,0,-490.268443596,411.384070199,3.49261498451,-3,-5,-3,-5
1,nc,no_cursor,3,False,140,100,0,0,-490.268443596,411.384070199,3.50963497162,-3,-5,-3,-5
1,nc,no_cursor,3,False,140,100,0,0,-490.268443596,411.384070199,3.52589702606,-3,-5,-3,-5
1,nc,no_cursor,3,False,140,100,0,0,-490.268443596,411.384070199,3.54256010056,-3,-5,-3,-5
1,nc,no_cursor,3,False,140,100,0,0,-490.268443596,411.384070199,3.55966496468,-3,-5,-3,-5
1,nc,no_cursor,3,False,140,100,0,0,-490.268443596,411.384070199,3.57627797127,-3,-5,-3,-5
1,nc,no_cursor,3,False,140,100,0,0,-490.268443596,411.384070199,3.59263110161,-3,-5,-3,-5
1,nc,no_cursor,3,False,140,100,0,0,-490.268443596,411.384070199,3.60935711861,-3,-5,-3,-5
1,nc,no_cursor,3,False,140,100,0,0,-490.268443596,411.384070199,3.62587404251,-3,-5,-3,-5
1,nc,no_cursor,3,False,140,100,0,0,-490.268443596,411.384070199,3.64301514626,-3,-5,-3,-5
1,nc,no_cursor,3,False,140,100,0,0,-490.268443596,411.384070199,3.65957999229,-3,-5,-3,-5
1,nc,no_cursor,3,False,140,100,0,0,-490.268443596,411.384070199,3.67625808716,-3,-3,-3,-3
