,task_num,trial_type,trial_num,terminal_feedback_boolean,target_angle_degrees,homex_px,homey_px,targetx_px,targety_px,time_s,mousex_px,mousey_px,cursorx_px,cursory_px
0,1,cursor,1,False,40,0,0,323.270754996,271.256371288,0.00199389457703,67,174,67.0,174.0
1,1,cursor,1,False,40,0,0,323.270754996,271.256371288,0.0122799873352,67,174,67.0,174.0
2,1,cursor,1,False,40,0,0,323.270754996,271.256371288,0.0292727947235,67,174,67.0,174.0
3,1,cursor,1,False,40,0,0,323.270754996,271.256371288,0.0458369255066,67,174,67.0,174.0
4,1,cursor,1,False,40,0,0,323.270754996,271.256371288,0.0625100135803,67,174,67.0,174.0
5,1,cursor,1,False,40,0,0,323.270754996,271.256371288,0.0791869163513,67,174,67.0,174.0
6,1,cursor,1,False,40,0,0,323.270754996,271.256371288,0.0956819057465,67,174,67.0,174.0
7,1,cursor,1,False,40,0,0,323.270754996,271.256371288,0.112516880035,67,174,67.0,174.0
8,1,cursor,1,False,40,0,0,323.270754996,271.256371288,0.128895998001,67,174,67.0,174.0
9,1,cursor,1,False,40,0,0,323.270754996,271.256371288,0.145519971848,67,174,67.0,174.0
10,1,cursor,1,False,40,0,0,323.270754996,271.256371288,0.162493944168,67,174,67.0,174.0
11,1,cursor,1,False,40,0,0,323.270754996,271.256371288,0.179135799408,67,174,67.0,174.0
12,1,cursor,1,False,40,0,0,323.270754996,271.256371288,0.195497989655,67,174,67.0,174.0
13,1,cursor,1,False,40,0,0,323.270754996,271.256371288,0.211944818497,67,174,67.0,174.0
14,1,cursor,1,False,40,0,0,323.270754996,271.256371288,0.229105949402,67,174,67.0,174.0
15,1,cursor,1,False,40,0,0,323.270754996,271.256371288,0.245417833328,67,174,67.0,174.0
16,1,cursor,1,False,40,0,0,323.270754996,271.256371288,0.262465000153,67,174,67.0,174.0
17,1,cursor,1,False,40,0,0,323.270754996,271.256371288,0.278645992279,67,174,67.0,174.0
18,1,cursor,1,False,40,0,0,323.270754996,271.256371288,0.295936822891,67,174,67.0,174.0
19,1,cursor,1,False,40,0,0,323.270754996,271.256371288,0.312208890915,67,174,67.0,174.0
20,1,cursor,1,False,40,0,0,323.270754996,271.256371288,0.329175949097,67,174,67.0,174.0
21,1,cursor,1,False,40,0,0,323.270754996,271.256371288,0.345347881317,67,174,67.0,174.0
22,1,cursor,1,False,40,0,0,323.270754996,271.256371288,0.362541913986,67,174,67.0,174.0
23,1,cursor,1,False,40,0,0,323.270754996,271.256371288,0.378670930862,67,174,67.0,174.0
24,1,cursor,1,False,40,0,0,323.270754996,271.256371288,0.395385026932,67,174,67.0,174.0
25,1,cursor,1,False,40,0,0,323.270754996,271.256371288,0.41214799881,67,174,67.0,174.0
26,1,cursor,1,False,40,0,0,323.270754996,271.256371288,0.4290599823,67,174,67.0,174.0
27,1,cursor,1,False,40,0,0,323.270754996,271.256371288,0.445839881897,67,174,67.0,174.0
28,1,cursor,1,False,40,0,0,323.270754996,271.256371288,0.462226867676,67,174,67.0,174.0
29,1,cursor,1,False,40,0,0,323.270754996,271.256371288,0.479511022568,67,174,67.0,174.0
30,1,cursor,1,False,40,0,0,323.270754996,271.256371288,0.495198011398,67,174,67.0,174.0
31,1,cursor,1,False,40,0,0,323.270754996,271.256371288,0.512545824051,67,174,67.0,174.0
32,1,cursor,1,False,40,0,0,323.270754996,271.256371288,0.528561830521,67,174,67.0,174.0
33,1,cursor,1,False,40,0,0,323.270754996,271.256371288,0.545545816422,67,174,67.0,174.0
34,1,cursor,1,False,40,0,0,323.270754996,271.256371288,0.562964916229,67,174,67.0,174.0
35,1,cursor,1,False,40,0,0,323.270754996,271.256371288,0.578836917877,67,174,67.0,174.0
36,1,cursor,1,False,40,0,0,323.270754996,271.256371288,0.595543861389,67,174,67.0,174.0
37,1,cursor,1,False,40,0,0,323.270754996,271.256371288,0.612318992615,67,174,67.0,174.0
38,1,cursor,1,False,40,0,0,323.270754996,271.256371288,0.628911972046,67,174,67.0,174.0
39,1,cursor,1,False,40,0,0,323.270754996,271.256371288,0.644984960556,67,174,67.0,174.0
40,1,cursor,1,False,40,0,0,323.270754996,271.256371288,0.661842823029,67,174,67.0,174.0
41,1,cursor,1,False,40,0,0,323.270754996,271.256371288,0.678996801376,67,174,67.0,174.0
42,1,cursor,1,False,40,0,0,323.270754996,271.256371288,0.695248842239,67,174,67.0,174.0
43,1,cursor,1,False,40,0,0,323.270754996,271.256371288,0.711990833282,64,164,64.0,164.0
44,1,cursor,1,False,40,0,0,323.270754996,271.256371288,0.728783845901,58,152,58.0,152.0
45,1,cursor,1,False,40,0,0,323.270754996,271.256371288,0.74494099617,58,152,58.0,152.0
46,1,cursor,1,False,40,0,0,323.270754996,271.256371288,0.761912822723,50,138,50.0,138.0
47,1,cursor,1,False,40,0,0,323.270754996,271.256371288,0.778963804245,44,127,44.0,127.0
48,1,cursor,1,False,40,0,0,323.270754996,271.256371288,0.794996023178,44,127,44.0,127.0
49,1,cursor,1,False,40,0,0,323.270754996,271.256371288,0.812549829483,40,117,40.0,117.0
50,1,cursor,1,False,40,0,0,323.270754996,271.256371288,0.828305006027,35,105,35.0,105.0
51,1,cursor,1,False,40,0,0,323.270754996,271.256371288,0.845492839813,30,90,30.0,90.0
52,1,cursor,1,False,40,0,0,323.270754996,271.256371288,0.861989021301,30,90,30.0,90.0
53,1,cursor,1,False,40,0,0,323.270754996,271.256371288,0.878934860229,26,79,26.0,79.0
54,1,cursor,1,False,40,0,0,323.270754996,271.256371288,0.895083904266,22,68,22.0,68.0
55,1,cursor,1,False,40,0,0,323.270754996,271.256371288,0.911828994751,22,68,22.0,68.0
56,1,cursor,1,False,40,0,0,323.270754996,271.256371288,0.928781986237,17,58,17.0,58.0
57,1,cursor,1,False,40,0,0,323.270754996,271.256371288,0.9448158741,13,45,13.0,45.0
58,1,cursor,1,False,40,0,0,323.270754996,271.256371288,0.962013959885,13,45,13.0,45.0
59,1,cursor,1,False,40,0,0,323.270754996,271.256371288,0.978713989258,9,30,9.0,30.0
60,1,cursor,1,False,40,0,0,323.270754996,271.256371288,0.995381832123,5,20,5.0,20.0
61,1,cursor,1,False,40,0,0,323.270754996,271.256371288,1.01227283478,4,15,4.0,15.0
62,1,cursor,1,False,40,0,0,323.270754996,271.256371288,1.02847886086,4,15,4.0,15.0
63,1,cursor,1,False,40,0,0,323.270754996,271.256371288,1.04535698891,3,13,3.0,13.0
64,1,cursor,1,False,40,0,0,323.270754996,271.256371288,1.06210184097,3,12,3.0,12.0
65,1,cursor,1,False,40,0,0,323.270754996,271.256371288,1.07851886749,3,12,3.0,12.0
66,1,cursor,1,False,40,0,0,323.270754996,271.256371288,1.09568595886,2,9,2.0,9.0
67,1,cursor,1,False,40,0,0,323.270754996,271.256371288,1.11184382439,1,6,1.0,6.0
68,1,cursor,1,False,40,0,0,323.270754996,271.256371288,1.12878489494,1,6,1.0,6.0
69,1,cursor,1,False,40,0,0,323.270754996,271.256371288,1.14501881599,1,4,1.0,4.0
70,1,cursor,1,False,40,0,0,323.270754996,271.256371288,1.16230583191,0,3,0.0,3.0
71,1,cursor,1,False,40,0,0,323.270754996,271.256371288,1.17872786522,0,2,0.0,2.0
72,1,cursor,1,False,40,0,0,323.270754996,271.256371288,1.19534897804,0,2,0.0,2.0
73,1,cursor,1,False,40,0,0,323.270754996,271.256371288,1.21265888214,0,2,0.0,2.0
74,1,cursor,1,False,40,0,0,323.270754996,271.256371288,1.22822093964,0,2,0.0,2.0
75,1,cursor,1,False,40,0,0,323.270754996,271.256371288,1.24606800079,0,2,0.0,2.0
76,1,cursor,1,False,40,0,0,323.270754996,271.256371288,1.26157093048,0,2,0.0,2.0
77,1,cursor,1,False,40,0,0,323.270754996,271.256371288,1.27918481827,0,2,0.0,2.0
78,1,cursor,1,False,40,0,0,323.270754996,271.256371288,1.29574894905,0,2,0.0,2.0
79,1,cursor,1,False,40,0,0,323.270754996,271.256371288,1.31197690964,0,2,0.0,2.0
80,1,cursor,1,False,40,0,0,323.270754996,271.256371288,1.32888102531,0,2,0.0,2.0
81,1,cursor,1,False,40,0,0,323.270754996,271.256371288,1.34514689445,0,2,0.0,2.0
82,1,cursor,1,False,40,0,0,323.270754996,271.256371288,1.36263990402,0,2,0.0,2.0
83,1,cursor,1,False,40,0,0,323.270754996,271.256371288,1.37829780579,0,2,0.0,2.0
84,1,cursor,1,False,40,0,0,323.270754996,271.256371288,1.39609599113,0,2,0.0,2.0
85,1,cursor,1,False,40,0,0,323.270754996,271.256371288,1.41188597679,0,2,0.0,2.0
86,1,cursor,1,False,40,0,0,323.270754996,271.256371288,1.42892289162,0,2,0.0,2.0
87,1,cursor,1,False,40,0,0,323.270754996,271.256371288,1.44519400597,0,2,0.0,2.0
88,1,cursor,1,False,40,0,0,323.270754996,271.256371288,1.46217083931,0,2,0.0,2.0
89,1,cursor,1,False,40,0,0,323.270754996,271.256371288,1.47884297371,0,2,0.0,2.0
90,1,cursor,1,False,40,0,0,323.270754996,271.256371288,1.49479293823,0,2,0.0,2.0
91,1,cursor,1,False,40,0,0,323.270754996,271.256371288,1.51214599609,0,2,0.0,2.0
92,1,cursor,1,False,40,0,0,323.270754996,271.256371288,1.52886295319,0,2,0.0,2.0
93,1,cursor,1,False,40,0,0,323.270754996,271.256371288,1.54551291466,0,2,0.0,2.0
94,1,cursor,1,False,40,0,0,323.270754996,271.256371288,1.5615208149,0,2,0.0,2.0
95,1,cursor,1,False,40,0,0,323.270754996,271.256371288,1.57860779762,0,2,0.0,2.0
96,1,cursor,1,False,40,0,0,323.270754996,271.256371288,1.59671401978,0,2,0.0,2.0
97,1,cursor,1,False,40,0,0,323.270754996,271.256371288,1.61138081551,0,2,0.0,2.0
98,1,cursor,1,False,40,0,0,323.270754996,271.256371288,1.62841701508,0,2,0.0,2.0
99,1,cursor,1,False,40,0,0,323.270754996,271.256371288,1.64552593231,0,2,0.0,2.0
100,1,cursor,1,False,40,0,0,323.270754996,271.256371288,1.66211795807,7,16,7.0,16.0
101,1,cursor,1,False,40,0,0,323.270754996,271.256371288,1.67882299423,36,47,36.0,47.0
102,1,cursor,1,False,40,0,0,323.270754996,271.256371288,1.69525384903,36,47,36.0,47.0
103,1,cursor,1,False,40,0,0,323.270754996,271.256371288,1.71177792549,71,90,71.0,90.0
104,1,cursor,1,False,40,0,0,323.270754996,271.256371288,1.72844600677,97,130,97.0,130.0
105,1,cursor,1,False,40,0,0,323.270754996,271.256371288,1.74520492554,97,130,97.0,130.0
106,1,cursor,1,False,40,0,0,323.270754996,271.256371288,1.76179099083,122,168,122.0,168.0
107,1,cursor,1,False,40,0,0,323.270754996,271.256371288,1.77870893478,150,200,150.0,200.0
108,1,cursor,1,False,40,0,0,323.270754996,271.256371288,1.79508399963,176,227,176.0,227.0
109,1,cursor,1,False,40,0,0,323.270754996,271.256371288,1.81151795387,176,227,176.0,227.0
110,1,cursor,1,False,40,0,0,323.270754996,271.256371288,1.82903289795,200,248,200.0,248.0
111,1,cursor,1,False,40,0,0,323.270754996,271.256371288,1.84500288963,222,267,222.0,267.0
112,1,cursor,1,False,40,0,0,323.270754996,271.256371288,1.86196184158,222,267,222.0,267.0
113,1,cursor,1,False,40,0,0,323.270754996,271.256371288,1.87827181816,243,287,243.0,287.0
114,1,cursor,1,False,40,0,0,323.270754996,271.256371288,1.89531588554,260,304,260.0,304.0
115,1,cursor,1,False,40,0,0,323.270754996,271.256371288,1.91200399399,260,316,260.0,316.0
116,1,cursor,1,False,40,0,0,323.270754996,271.256371288,1.9287238121,270,316,270.0,316.0
117,1,cursor,1,False,40,0,0,323.270754996,271.256371288,1.9452009201,275,324,275.0,324.0
118,1,cursor,1,False,40,0,0,323.270754996,271.256371288,1.96179699898,276,328,276.0,328.0
119,1,cursor,1,False,40,0,0,323.270754996,271.256371288,1.978099823,276,328,276.0,328.0
120,1,cursor,1,False,40,0,0,323.270754996,271.256371288,1.99555587769,277,330,277.0,330.0
121,1,cursor,1,False,40,0,0,323.270754996,271.256371288,2.01173686981,277,330,277.0,330.0
122,1,cursor,1,False,40,0,0,323.270754996,271.256371288,2.0287258625,277,330,277.0,330.0
123,1,cursor,1,False,40,0,0,323.270754996,271.256371288,2.04556798935,277,330,277.0,330.0
124,1,cursor,1,False,40,0,0,323.270754996,271.256371288,2.06186890602,277,330,277.0,330.0
125,1,cursor,1,False,40,0,0,323.270754996,271.256371288,2.07873988152,277,330,277.0,330.0
126,1,cursor,1,False,40,0,0,323.270754996,271.256371288,2.09504199028,277,330,277.0,330.0
127,1,cursor,1,False,40,0,0,323.270754996,271.256371288,2.11261487007,277,330,277.0,330.0
128,1,cursor,1,False,40,0,0,323.270754996,271.256371288,2.12829995155,277,330,277.0,330.0
129,1,cursor,1,False,40,0,0,323.270754996,271.256371288,2.14496994019,277,330,277.0,330.0
130,1,cursor,1,False,40,0,0,323.270754996,271.256371288,2.16236591339,277,330,277.0,330.0
131,1,cursor,1,False,40,0,0,323.270754996,271.256371288,2.17842483521,277,330,277.0,330.0
132,1,cursor,1,False,40,0,0,323.270754996,271.256371288,2.19577002525,277,330,277.0,330.0
133,1,cursor,1,False,40,0,0,323.270754996,271.256371288,2.21162581444,277,330,277.0,330.0
134,1,cursor,1,False,40,0,0,323.270754996,271.256371288,2.2290019989,277,330,277.0,330.0
135,1,cursor,1,False,40,0,0,323.270754996,271.256371288,2.24504494667,277,330,277.0,330.0
136,1,cursor,1,False,40,0,0,323.270754996,271.256371288,2.26164197922,277,330,277.0,330.0
137,1,cursor,1,False,40,0,0,323.270754996,271.256371288,2.2784049511,277,330,277.0,330.0
138,1,cursor,1,False,40,0,0,323.270754996,271.256371288,2.29515790939,277,330,277.0,330.0
139,1,cursor,1,False,40,0,0,323.270754996,271.256371288,2.31231188774,277,330,277.0,330.0
140,1,cursor,1,False,40,0,0,323.270754996,271.256371288,2.32844591141,277,330,277.0,330.0
141,1,cursor,1,False,40,0,0,323.270754996,271.256371288,2.34506487846,277,330,277.0,330.0
142,1,cursor,1,False,40,0,0,323.270754996,271.256371288,2.36194801331,277,330,277.0,330.0
143,1,cursor,1,False,40,0,0,323.270754996,271.256371288,2.37838101387,277,330,277.0,330.0
144,1,cursor,1,False,40,0,0,323.270754996,271.256371288,2.39515781403,277,330,277.0,330.0
145,1,cursor,1,False,40,0,0,323.270754996,271.256371288,2.41210198402,277,330,277.0,330.0
146,1,cursor,1,False,40,0,0,323.270754996,271.256371288,2.42854595184,277,330,277.0,330.0
147,1,cursor,1,False,40,0,0,323.270754996,271.256371288,2.44578099251,277,330,277.0,330.0
148,1,cursor,1,False,40,0,0,323.270754996,271.256371288,2.46154594421,277,330,277.0,330.0
149,1,cursor,1,False,40,0,0,323.270754996,271.256371288,2.47861385345,277,330,277.0,330.0
150,1,cursor,1,False,40,0,0,323.270754996,271.256371288,2.49506592751,277,330,277.0,330.0
151,1,cursor,1,False,40,0,0,323.270754996,271.256371288,2.5121088028,277,330,277.0,330.0
152,1,cursor,1,False,40,0,0,323.270754996,271.256371288,2.52838683128,277,330,277.0,330.0
153,1,cursor,1,False,40,0,0,323.270754996,271.256371288,2.54503202438,277,330,277.0,330.0
154,1,cursor,1,False,40,0,0,323.270754996,271.256371288,2.56194496155,280,330,280.0,330.0
155,1,cursor,1,False,40,0,0,323.270754996,271.256371288,2.57852697372,284,329,284.0,329.0
156,1,cursor,1,False,40,0,0,323.270754996,271.256371288,2.59540987015,284,329,284.0,329.0
157,1,cursor,1,False,40,0,0,323.270754996,271.256371288,2.61159491539,290,327,290.0,327.0
158,1,cursor,1,False,40,0,0,323.270754996,271.256371288,2.62899279594,297,326,297.0,326.0
159,1,cursor,1,False,40,0,0,323.270754996,271.256371288,2.64505600929,297,326,297.0,326.0
160,1,cursor,1,False,40,0,0,323.270754996,271.256371288,2.66212892532,302,324,302.0,324.0
161,1,cursor,1,False,40,0,0,323.270754996,271.256371288,2.67837882042,307,323,307.0,323.0
162,1,cursor,1,False,40,0,0,323.270754996,271.256371288,2.69489502907,311,321,311.0,321.0
163,1,cursor,1,False,40,0,0,323.270754996,271.256371288,2.71169090271,311,321,311.0,321.0
164,1,cursor,1,False,40,0,0,323.270754996,271.256371288,2.72823095322,313,319,313.0,319.0
165,1,cursor,1,False,40,0,0,323.270754996,271.256371288,2.74492788315,315,317,315.0,317.0
166,1,cursor,1,False,40,0,0,323.270754996,271.256371288,2.76232600212,315,317,315.0,317.0
167,1,cursor,1,False,40,0,0,323.270754996,271.256371288,2.77811193466,316,315,316.0,315.0
168,1,cursor,1,False,40,0,0,323.270754996,271.256371288,2.79507493973,317,314,317.0,314.0
169,1,cursor,1,False,40,0,0,323.270754996,271.256371288,2.81232595444,317,314,317.0,314.0
170,1,cursor,1,False,40,0,0,323.270754996,271.256371288,2.8281109333,317,313,317.0,313.0
171,1,cursor,1,False,40,0,0,323.270754996,271.256371288,2.84515690804,318,308,318.0,308.0
172,1,cursor,1,False,40,0,0,323.270754996,271.256371288,2.86152100563,318,308,318.0,308.0
173,1,cursor,1,False,40,0,0,323.270754996,271.256371288,2.8784828186,318,304,318.0,304.0
174,1,cursor,1,False,40,0,0,323.270754996,271.256371288,2.89507699013,318,301,318.0,301.0
175,1,cursor,1,False,40,0,0,323.270754996,271.256371288,2.91152691841,318,299,318.0,299.0
176,1,cursor,1,False,40,0,0,323.270754996,271.256371288,2.92865180969,318,299,318.0,299.0
177,1,cursor,1,False,40,0,0,323.270754996,271.256371288,2.94450592995,318,297,318.0,297.0
178,1,cursor,1,False,40,0,0,323.270754996,271.256371288,2.96128296852,318,291,318.0,291.0
179,1,cursor,1,False,40,0,0,323.270754996,271.256371288,2.97856402397,318,291,318.0,291.0
180,1,cursor,1,False,40,0,0,323.270754996,271.256371288,2.99493002892,318,285,318.0,285.0
181,1,cursor,1,False,40,0,0,323.270754996,271.256371288,3.01134300232,318,281,318.0,281.0
182,1,cursor,1,False,40,0,0,323.270754996,271.256371288,3.02906084061,318,278,318.0,278.0
183,1,cursor,1,False,40,0,0,323.270754996,271.256371288,3.04473495483,318,278,318.0,278.0
184,1,cursor,1,False,40,0,0,323.270754996,271.256371288,3.06199789047,318,277,318.0,277.0
185,1,cursor,1,False,40,0,0,323.270754996,271.256371288,3.07790279388,318,276,318.0,276.0
186,1,cursor,1,False,40,0,0,323.270754996,271.256371288,3.09511590004,318,276,318.0,276.0
187,1,cursor,1,False,40,0,0,323.270754996,271.256371288,3.1118888855,318,276,318.0,276.0
188,1,cursor,1,False,40,0,0,323.270754996,271.256371288,3.12837290764,318,276,318.0,276.0
189,1,cursor,1,False,40,0,0,323.270754996,271.256371288,3.14479494095,318,276,318.0,276.0
190,1,cursor,1,False,40,0,0,323.270754996,271.256371288,3.16188097,318,276,318.0,276.0
191,1,cursor,1,False,40,0,0,323.270754996,271.256371288,3.1780807972,318,276,318.0,276.0
192,1,cursor,1,False,40,0,0,323.270754996,271.256371288,3.19615602493,318,271,318.0,271.0
193,1,cursor,1,False,40,0,0,323.270754996,271.256371288,3.21100902557,318,271,318.0,271.0
194,1,cursor,1,False,40,0,0,323.270754996,271.256371288,3.22860193253,319,269,319.0,269.0
195,1,cursor,1,False,40,0,0,323.270754996,271.256371288,3.24471783638,319,269,319.0,269.0
196,1,cursor,1,False,40,0,0,323.270754996,271.256371288,3.26136302948,319,269,319.0,269.0
197,1,cursor,1,False,40,0,0,323.270754996,271.256371288,3.27827191353,320,269,320.0,269.0
198,1,cursor,1,False,40,0,0,323.270754996,271.256371288,3.29545283318,320,269,320.0,269.0
199,1,cursor,1,False,40,0,0,323.270754996,271.256371288,3.31117796898,320,269,320.0,269.0
200,1,cursor,1,False,40,0,0,323.270754996,271.256371288,3.32809400558,320,268,320.0,268.0
201,1,cursor,1,False,40,0,0,323.270754996,271.256371288,3.34474802017,320,268,320.0,268.0
202,1,cursor,1,False,40,0,0,323.270754996,271.256371288,3.36198282242,320,268,320.0,268.0
203,1,cursor,1,False,40,0,0,323.270754996,271.256371288,3.37812900543,320,268,320.0,268.0
204,1,cursor,1,False,40,0,0,323.270754996,271.256371288,3.39510083199,320,268,320.0,268.0
205,1,cursor,1,False,40,0,0,323.270754996,271.256371288,3.41138982773,320,268,320.0,268.0
206,1,cursor,1,False,40,0,0,323.270754996,271.256371288,3.42830586433,320,268,320.0,268.0
207,1,cursor,1,False,40,0,0,323.270754996,271.256371288,3.44488501549,320,268,320.0,268.0
208,1,cursor,1,False,40,0,0,323.270754996,271.256371288,3.46135282516,320,268,320.0,268.0
209,1,cursor,1,False,40,0,0,323.270754996,271.256371288,3.4783539772,320,268,320.0,268.0
210,1,cursor,1,False,40,0,0,323.270754996,271.256371288,3.49462580681,320,268,320.0,268.0
211,1,cursor,1,False,40,0,0,323.270754996,271.256371288,3.51201796532,320,268,320.0,268.0
212,1,cursor,1,False,40,0,0,323.270754996,271.256371288,3.5278429985,320,268,320.0,268.0
213,1,cursor,1,False,40,0,0,323.270754996,271.256371288,3.54438185692,320,268,320.0,268.0
214,1,cursor,1,False,40,0,0,323.270754996,271.256371288,3.56232380867,320,268,320.0,268.0
215,1,cursor,1,False,40,0,0,323.270754996,271.256371288,3.57805299759,320,268,320.0,268.0
216,1,cursor,1,False,40,0,0,323.270754996,271.256371288,3.59472894669,320,268,320.0,268.0
217,1,cursor,1,False,40,0,0,323.270754996,271.256371288,3.61168384552,320,268,320.0,268.0
218,1,cursor,1,False,40,0,0,323.270754996,271.256371288,3.62811994553,320,268,320.0,268.0
219,1,cursor,1,False,40,0,0,323.270754996,271.256371288,3.64510202408,320,268,320.0,268.0
220,1,cursor,1,False,40,0,0,323.270754996,271.256371288,3.66110086441,320,268,320.0,268.0
221,1,cursor,1,False,40,0,0,323.270754996,271.256371288,3.67866182327,320,268,320.0,268.0
222,1,cursor,1,False,40,0,0,323.270754996,271.256371288,3.69462394714,311,260,311.0,260.0
223,1,cursor,1,False,40,0,0,323.270754996,271.256371288,3.71167182922,311,260,311.0,260.0
224,1,cursor,1,False,40,0,0,323.270754996,271.256371288,3.72875380516,286,242,286.0,242.0
225,1,cursor,1,False,40,0,0,323.270754996,271.256371288,3.74419403076,241,213,241.0,213.0
226,1,cursor,1,False,40,0,0,323.270754996,271.256371288,3.76199793816,241,213,241.0,213.0
227,1,cursor,1,False,40,0,0,323.270754996,271.256371288,3.77805280685,204,190,204.0,190.0
228,1,cursor,1,False,40,0,0,323.270754996,271.256371288,3.79473686218,178,171,178.0,171.0
229,1,cursor,1,False,40,0,0,323.270754996,271.256371288,3.81169080734,160,154,160.0,154.0
230,1,cursor,1,False,40,0,0,323.270754996,271.256371288,3.82794284821,160,154,160.0,154.0
231,1,cursor,1,False,40,0,0,323.270754996,271.256371288,3.84536385536,147,140,147.0,140.0
232,1,cursor,1,False,40,0,0,323.270754996,271.256371288,3.8611907959,137,125,137.0,125.0
233,1,cursor,1,False,40,0,0,323.270754996,271.256371288,3.87826800346,137,125,137.0,125.0
234,1,cursor,1,False,40,0,0,323.270754996,271.256371288,3.89461183548,126,109,126.0,109.0
235,1,cursor,1,False,40,0,0,323.270754996,271.256371288,3.91164398193,114,93,114.0,93.0
236,1,cursor,1,False,40,0,0,323.270754996,271.256371288,3.92840194702,114,93,114.0,93.0
237,1,cursor,1,False,40,0,0,323.270754996,271.256371288,3.94444799423,100,76,100.0,76.0
238,1,cursor,1,False,40,0,0,323.270754996,271.256371288,3.96201395988,84,62,84.0,62.0
239,1,cursor,1,False,40,0,0,323.270754996,271.256371288,3.97821998596,65,52,65.0,52.0
240,1,cursor,1,False,40,0,0,323.270754996,271.256371288,3.99533486366,65,52,65.0,52.0
241,1,cursor,1,False,40,0,0,323.270754996,271.256371288,4.01135182381,48,47,48.0,47.0
242,1,cursor,1,False,40,0,0,323.270754996,271.256371288,4.02883791924,36,43,36.0,43.0
243,1,cursor,1,False,40,0,0,323.270754996,271.256371288,4.04441785812,36,43,36.0,43.0
244,1,cursor,1,False,40,0,0,323.270754996,271.256371288,4.0615708828,30,41,30.0,41.0
245,1,cursor,1,False,40,0,0,323.270754996,271.256371288,4.07842993736,30,41,30.0,41.0
246,1,cursor,1,False,40,0,0,323.270754996,271.256371288,4.09476685524,30,41,30.0,41.0
247,1,cursor,1,False,40,0,0,323.270754996,271.256371288,4.11151885986,30,41,30.0,41.0
248,1,cursor,1,False,40,0,0,323.270754996,271.256371288,4.12833189964,30,41,30.0,41.0
249,1,cursor,1,False,40,0,0,323.270754996,271.256371288,4.14465785027,30,41,30.0,41.0
250,1,cursor,1,False,40,0,0,323.270754996,271.256371288,4.16144895554,30,41,30.0,41.0
251,1,cursor,1,False,40,0,0,323.270754996,271.256371288,4.17789387703,30,41,30.0,41.0
252,1,cursor,1,False,40,0,0,323.270754996,271.256371288,4.19462990761,30,41,30.0,41.0
253,1,cursor,1,False,40,0,0,323.270754996,271.256371288,4.21221995354,30,41,30.0,41.0
254,1,cursor,1,False,40,0,0,323.270754996,271.256371288,4.22801184654,30,41,30.0,41.0
255,1,cursor,1,False,40,0,0,323.270754996,271.256371288,4.24480080605,30,41,30.0,41.0
256,1,cursor,1,False,40,0,0,323.270754996,271.256371288,4.26123380661,30,41,30.0,41.0
257,1,cursor,1,False,40,0,0,323.270754996,271.256371288,4.27786183357,30,41,30.0,41.0
258,1,cursor,1,False,40,0,0,323.270754996,271.256371288,4.29465699196,30,41,30.0,41.0
259,1,cursor,1,False,40,0,0,323.270754996,271.256371288,4.31129789352,30,41,30.0,41.0
260,1,cursor,1,False,40,0,0,323.270754996,271.256371288,4.32765889168,30,41,30.0,41.0
261,1,cursor,1,False,40,0,0,323.270754996,271.256371288,4.34515786171,30,41,30.0,41.0
262,1,cursor,1,False,40,0,0,323.270754996,271.256371288,4.3613319397,30,33,30.0,33.0
263,1,cursor,1,False,40,0,0,323.270754996,271.256371288,4.37810087204,30,33,30.0,33.0
264,1,cursor,1,False,40,0,0,323.270754996,271.256371288,4.39465093613,30,27,30.0,27.0
265,1,cursor,1,False,40,0,0,323.270754996,271.256371288,4.4115228653,29,23,29.0,23.0
266,1,cursor,1,False,40,0,0,323.270754996,271.256371288,4.42776489258,29,21,29.0,21.0
267,1,cursor,1,False,40,0,0,323.270754996,271.256371288,4.44473981857,28,21,28.0,21.0
268,1,cursor,1,False,40,0,0,323.270754996,271.256371288,4.46184492111,28,20,28.0,20.0
269,1,cursor,1,False,40,0,0,323.270754996,271.256371288,4.47816491127,28,20,28.0,20.0
270,1,cursor,1,False,40,0,0,323.270754996,271.256371288,4.49504494667,28,20,28.0,20.0
271,1,cursor,1,False,40,0,0,323.270754996,271.256371288,4.51170897484,27,19,27.0,19.0
272,1,cursor,1,False,40,0,0,323.270754996,271.256371288,4.52812695503,27,19,27.0,19.0
273,1,cursor,1,False,40,0,0,323.270754996,271.256371288,4.54410386086,27,19,27.0,19.0
274,1,cursor,1,False,40,0,0,323.270754996,271.256371288,4.56068587303,23,14,23.0,14.0
275,1,cursor,1,False,40,0,0,323.270754996,271.256371288,4.57831001282,20,11,20.0,11.0
276,1,cursor,1,False,40,0,0,323.270754996,271.256371288,4.59457302094,18,9,18.0,9.0
277,1,cursor,1,False,40,0,0,323.270754996,271.256371288,4.61199188232,18,9,18.0,9.0
278,1,cursor,1,False,40,0,0,323.270754996,271.256371288,4.62760186195,18,8,18.0,8.0
279,1,cursor,1,False,40,0,0,323.270754996,271.256371288,4.64482879639,17,8,17.0,8.0
280,1,cursor,1,False,40,0,0,323.270754996,271.256371288,4.66084885597,17,8,17.0,8.0
281,1,cursor,1,False,40,0,0,323.270754996,271.256371288,4.67850399017,17,8,17.0,8.0
282,1,cursor,1,False,40,0,0,323.270754996,271.256371288,4.6945939064,17,8,17.0,8.0
283,1,cursor,1,False,40,0,0,323.270754996,271.256371288,4.7109849453,17,8,17.0,8.0
284,1,cursor,1,False,40,0,0,323.270754996,271.256371288,4.72781896591,17,8,17.0,8.0
285,1,cursor,1,False,40,0,0,323.270754996,271.256371288,4.74447584152,8,5,8.0,5.0
286,1,cursor,1,False,40,0,0,323.270754996,271.256371288,4.76130390167,8,5,8.0,5.0
0,1,cursor,2,False,140,0,0,-339.357688302,284.754911091,0.00301718711853,2,2,2.0,2.0
1,1,cursor,2,False,140,0,0,-339.357688302,284.754911091,0.021938085556,0,1,0.0,1.0
2,1,cursor,2,False,140,0,0,-339.357688302,284.754911091,0.037849187851,-2,0,-2.0,0.0
3,1,cursor,2,False,140,0,0,-339.357688302,284.754911091,0.0552110671997,-2,0,-2.0,0.0
4,1,cursor,2,False,140,0,0,-339.357688302,284.754911091,0.0711381435394,-2,0,-2.0,0.0
5,1,cursor,2,False,140,0,0,-339.357688302,284.754911091,0.0882470607758,-2,0,-2.0,0.0
6,1,cursor,2,False,140,0,0,-339.357688302,284.754911091,0.104696035385,-2,0,-2.0,0.0
7,1,cursor,2,False,140,0,0,-339.357688302,284.754911091,0.121583223343,-2,0,-2.0,0.0
8,1,cursor,2,False,140,0,0,-339.357688302,284.754911091,0.139470100403,-2,0,-2.0,0.0
9,1,cursor,2,False,140,0,0,-339.357688302,284.754911091,0.155331134796,-2,0,-2.0,0.0
10,1,cursor,2,False,140,0,0,-339.357688302,284.754911091,0.171315193176,-2,0,-2.0,0.0
11,1,cursor,2,False,140,0,0,-339.357688302,284.754911091,0.188975095749,-2,0,-2.0,0.0
12,1,cursor,2,False,140,0,0,-339.357688302,284.754911091,0.204510211945,-2,0,-2.0,0.0
13,1,cursor,2,False,140,0,0,-339.357688302,284.754911091,0.221535205841,-2,0,-2.0,0.0
14,1,cursor,2,False,140,0,0,-339.357688302,284.754911091,0.237876176834,-2,0,-2.0,0.0
15,1,cursor,2,False,140,0,0,-339.357688302,284.754911091,0.254931211472,-2,0,-2.0,0.0
16,1,cursor,2,False,140,0,0,-339.357688302,284.754911091,0.270993232727,-2,0,-2.0,0.0
17,1,cursor,2,False,140,0,0,-339.357688302,284.754911091,0.288153171539,-2,0,-2.0,0.0
18,1,cursor,2,False,140,0,0,-339.357688302,284.754911091,0.305201053619,-2,0,-2.0,0.0
19,1,cursor,2,False,140,0,0,-339.357688302,284.754911091,0.321083068848,-2,0,-2.0,0.0
20,1,cursor,2,False,140,0,0,-339.357688302,284.754911091,0.339015007019,-2,0,-2.0,0.0
21,1,cursor,2,False,140,0,0,-339.357688302,284.754911091,0.354585170746,-2,0,-2.0,0.0
22,1,cursor,2,False,140,0,0,-339.357688302,284.754911091,0.371320009232,-2,0,-2.0,0.0
23,1,cursor,2,False,140,0,0,-339.357688302,284.754911091,0.387651205063,-2,0,-2.0,0.0
24,1,cursor,2,False,140,0,0,-339.357688302,284.754911091,0.405063152313,-2,0,-2.0,0.0
25,1,cursor,2,False,140,0,0,-339.357688302,284.754911091,0.421327114105,-2,0,-2.0,0.0
26,1,cursor,2,False,140,0,0,-339.357688302,284.754911091,0.438288211823,-2,0,-2.0,0.0
27,1,cursor,2,False,140,0,0,-339.357688302,284.754911091,0.454528093338,-2,0,-2.0,0.0
28,1,cursor,2,False,140,0,0,-339.357688302,284.754911091,0.471286058426,-2,0,-2.0,0.0
29,1,cursor,2,False,140,0,0,-339.357688302,284.754911091,0.488153219223,-2,0,-2.0,0.0
30,1,cursor,2,False,140,0,0,-339.357688302,284.754911091,0.504589080811,-2,0,-2.0,0.0
31,1,cursor,2,False,140,0,0,-339.357688302,284.754911091,0.521346092224,-2,0,-2.0,0.0
32,1,cursor,2,False,140,0,0,-339.357688302,284.754911091,0.537881135941,-2,0,-2.0,0.0
33,1,cursor,2,False,140,0,0,-339.357688302,284.754911091,0.554627180099,-2,0,-2.0,0.0
34,1,cursor,2,False,140,0,0,-339.357688302,284.754911091,0.571854114532,-2,0,-2.0,0.0
35,1,cursor,2,False,140,0,0,-339.357688302,284.754911091,0.587815999985,-2,0,-2.0,0.0
36,1,cursor,2,False,140,0,0,-339.357688302,284.754911091,0.605158090591,-2,0,-2.0,0.0
37,1,cursor,2,False,140,0,0,-339.357688302,284.754911091,0.621563196182,-2,0,-2.0,0.0
38,1,cursor,2,False,140,0,0,-339.357688302,284.754911091,0.637969017029,-2,0,-2.0,0.0
39,1,cursor,2,False,140,0,0,-339.357688302,284.754911091,0.654257059097,-6,4,-6.0,4.0
40,1,cursor,2,False,140,0,0,-339.357688302,284.754911091,0.671047210693,-6,4,-6.0,4.0
41,1,cursor,2,False,140,0,0,-339.357688302,284.754911091,0.688319206238,-28,21,-28.0,21.0
42,1,cursor,2,False,140,0,0,-339.357688302,284.754911091,0.704649209976,-89,59,-89.0,59.0
43,1,cursor,2,False,140,0,0,-339.357688302,284.754911091,0.722228050232,-89,59,-89.0,59.0
44,1,cursor,2,False,140,0,0,-339.357688302,284.754911091,0.737896203995,-150,95,-150.0,95.0
45,1,cursor,2,False,140,0,0,-339.357688302,284.754911091,0.754413127899,-203,126,-203.0,126.0
46,1,cursor,2,False,140,0,0,-339.357688302,284.754911091,0.771440029144,-246,156,-246.0,156.0
47,1,cursor,2,False,140,0,0,-339.357688302,284.754911091,0.787836074829,-246,156,-246.0,156.0
48,1,cursor,2,False,140,0,0,-339.357688302,284.754911091,0.804621219635,-279,186,-279.0,186.0
49,1,cursor,2,False,140,0,0,-339.357688302,284.754911091,0.821123123169,-308,215,-308.0,215.0
50,1,cursor,2,False,140,0,0,-339.357688302,284.754911091,0.837775230408,-308,215,-308.0,215.0
51,1,cursor,2,False,140,0,0,-339.357688302,284.754911091,0.854189157486,-333,241,-333.0,241.0
52,1,cursor,2,False,140,0,0,-339.357688302,284.754911091,0.871417999268,-352,262,-352.0,262.0
53,1,cursor,2,False,140,0,0,-339.357688302,284.754911091,0.887575149536,-352,262,-352.0,262.0
54,1,cursor,2,False,140,0,0,-339.357688302,284.754911091,0.904085159302,-364,274,-364.0,274.0
55,1,cursor,2,False,140,0,0,-339.357688302,284.754911091,0.921553134918,-364,274,-364.0,274.0
56,1,cursor,2,False,140,0,0,-339.357688302,284.754911091,0.937731027603,-364,274,-364.0,274.0
57,1,cursor,2,False,140,0,0,-339.357688302,284.754911091,0.954503059387,-364,274,-364.0,274.0
58,1,cursor,2,False,140,0,0,-339.357688302,284.754911091,0.971176147461,-364,274,-364.0,274.0
59,1,cursor,2,False,140,0,0,-339.357688302,284.754911091,0.987863063812,-364,274,-364.0,274.0
60,1,cursor,2,False,140,0,0,-339.357688302,284.754911091,1.00462508202,-364,274,-364.0,274.0
61,1,cursor,2,False,140,0,0,-339.357688302,284.754911091,1.02131414413,-364,274,-364.0,274.0
62,1,cursor,2,False,140,0,0,-339.357688302,284.754911091,1.03799414635,-364,274,-364.0,274.0
63,1,cursor,2,False,140,0,0,-339.357688302,284.754911091,1.05489420891,-364,274,-364.0,274.0
64,1,cursor,2,False,140,0,0,-339.357688302,284.754911091,1.07134723663,-364,274,-364.0,274.0
65,1,cursor,2,False,140,0,0,-339.357688302,284.754911091,1.08777022362,-364,274,-364.0,274.0
66,1,cursor,2,False,140,0,0,-339.357688302,284.754911091,1.10503911972,-364,274,-364.0,274.0
67,1,cursor,2,False,140,0,0,-339.357688302,284.754911091,1.12123012543,-364,274,-364.0,274.0
68,1,cursor,2,False,140,0,0,-339.357688302,284.754911091,1.13812208176,-363,274,-363.0,274.0
69,1,cursor,2,False,140,0,0,-339.357688302,284.754911091,1.15413117409,-362,275,-362.0,275.0
70,1,cursor,2,False,140,0,0,-339.357688302,284.754911091,1.17112016678,-362,275,-362.0,275.0
71,1,cursor,2,False,140,0,0,-339.357688302,284.754911091,1.18765711784,-359,278,-359.0,278.0
72,1,cursor,2,False,140,0,0,-339.357688302,284.754911091,1.20425701141,-356,279,-356.0,279.0
73,1,cursor,2,False,140,0,0,-339.357688302,284.754911091,1.22072815895,-356,279,-356.0,279.0
74,1,cursor,2,False,140,0,0,-339.357688302,284.754911091,1.23840808868,-353,280,-353.0,280.0
75,1,cursor,2,False,140,0,0,-339.357688302,284.754911091,1.25403213501,-350,280,-350.0,280.0
76,1,cursor,2,False,140,0,0,-339.357688302,284.754911091,1.27094721794,-348,280,-348.0,280.0
77,1,cursor,2,False,140,0,0,-339.357688302,284.754911091,1.28782320023,-348,280,-348.0,280.0
78,1,cursor,2,False,140,0,0,-339.357688302,284.754911091,1.3042371273,-348,280,-348.0,280.0
79,1,cursor,2,False,140,0,0,-339.357688302,284.754911091,1.32060813904,-347,280,-347.0,280.0
80,1,cursor,2,False,140,0,0,-339.357688302,284.754911091,1.33868002892,-347,280,-347.0,280.0
81,1,cursor,2,False,140,0,0,-339.357688302,284.754911091,1.35478806496,-346,280,-346.0,280.0
82,1,cursor,2,False,140,0,0,-339.357688302,284.754911091,1.37106204033,-346,280,-346.0,280.0
83,1,cursor,2,False,140,0,0,-339.357688302,284.754911091,1.38794016838,-346,280,-346.0,280.0
84,1,cursor,2,False,140,0,0,-339.357688302,284.754911091,1.40401220322,-346,280,-346.0,280.0
85,1,cursor,2,False,140,0,0,-339.357688302,284.754911091,1.42121505737,-346,280,-346.0,280.0
86,1,cursor,2,False,140,0,0,-339.357688302,284.754911091,1.43792510033,-346,280,-346.0,280.0
87,1,cursor,2,False,140,0,0,-339.357688302,284.754911091,1.45441603661,-346,280,-346.0,280.0
88,1,cursor,2,False,140,0,0,-339.357688302,284.754911091,1.47130918503,-346,280,-346.0,280.0
89,1,cursor,2,False,140,0,0,-339.357688302,284.754911091,1.4875061512,-346,280,-346.0,280.0
90,1,cursor,2,False,140,0,0,-339.357688302,284.754911091,1.50424909592,-346,280,-346.0,280.0
91,1,cursor,2,False,140,0,0,-339.357688302,284.754911091,1.52160310745,-346,280,-346.0,280.0
92,1,cursor,2,False,140,0,0,-339.357688302,284.754911091,1.53740119934,-346,280,-346.0,280.0
93,1,cursor,2,False,140,0,0,-339.357688302,284.754911091,1.55467414856,-346,280,-346.0,280.0
94,1,cursor,2,False,140,0,0,-339.357688302,284.754911091,1.57140111923,-346,280,-346.0,280.0
95,1,cursor,2,False,140,0,0,-339.357688302,284.754911091,1.58808708191,-343,281,-343.0,281.0
96,1,cursor,2,False,140,0,0,-339.357688302,284.754911091,1.60392808914,-342,281,-342.0,281.0
97,1,cursor,2,False,140,0,0,-339.357688302,284.754911091,1.62123417854,-342,281,-342.0,281.0
98,1,cursor,2,False,140,0,0,-339.357688302,284.754911091,1.63782715797,-342,281,-342.0,281.0
99,1,cursor,2,False,140,0,0,-339.357688302,284.754911091,1.65454602242,-342,281,-342.0,281.0
100,1,cursor,2,False,140,0,0,-339.357688302,284.754911091,1.67094421387,-342,281,-342.0,281.0
101,1,cursor,2,False,140,0,0,-339.357688302,284.754911091,1.6883020401,-342,281,-342.0,281.0
102,1,cursor,2,False,140,0,0,-339.357688302,284.754911091,1.70435810089,-342,281,-342.0,281.0
103,1,cursor,2,False,140,0,0,-339.357688302,284.754911091,1.72114109993,-342,281,-342.0,281.0
104,1,cursor,2,False,140,0,0,-339.357688302,284.754911091,1.73763918877,-342,281,-342.0,281.0
105,1,cursor,2,False,140,0,0,-339.357688302,284.754911091,1.75448012352,-342,281,-342.0,281.0
106,1,cursor,2,False,140,0,0,-339.357688302,284.754911091,1.77128911018,-342,281,-342.0,281.0
107,1,cursor,2,False,140,0,0,-339.357688302,284.754911091,1.78775000572,-342,281,-342.0,281.0
108,1,cursor,2,False,140,0,0,-339.357688302,284.754911091,1.80431222916,-342,281,-342.0,281.0
109,1,cursor,2,False,140,0,0,-339.357688302,284.754911091,1.82140016556,-342,281,-342.0,281.0
110,1,cursor,2,False,140,0,0,-339.357688302,284.754911091,1.83778119087,-342,281,-342.0,281.0
111,1,cursor,2,False,140,0,0,-339.357688302,284.754911091,1.85416722298,-342,281,-342.0,281.0
112,1,cursor,2,False,140,0,0,-339.357688302,284.754911091,1.87121200562,-320,267,-320.0,267.0
113,1,cursor,2,False,140,0,0,-339.357688302,284.754911091,1.88754200935,-258,236,-258.0,236.0
114,1,cursor,2,False,140,0,0,-339.357688302,284.754911091,1.9045112133,-258,236,-258.0,236.0
115,1,cursor,2,False,140,0,0,-339.357688302,284.754911091,1.92159223557,-180,199,-180.0,199.0
116,1,cursor,2,False,140,0,0,-339.357688302,284.754911091,1.9374191761,-95,171,-95.0,171.0
117,1,cursor,2,False,140,0,0,-339.357688302,284.754911091,1.95479822159,-95,171,-95.0,171.0
118,1,cursor,2,False,140,0,0,-339.357688302,284.754911091,1.9705350399,-22,149,-22.0,149.0
119,1,cursor,2,False,140,0,0,-339.357688302,284.754911091,1.98782014847,31,136,31.0,136.0
120,1,cursor,2,False,140,0,0,-339.357688302,284.754911091,2.00461220741,31,128,31.0,128.0
121,1,cursor,2,False,140,0,0,-339.357688302,284.754911091,2.02086400986,54,128,54.0,128.0
122,1,cursor,2,False,140,0,0,-339.357688302,284.754911091,2.03770518303,62,125,62.0,125.0
123,1,cursor,2,False,140,0,0,-339.357688302,284.754911091,2.0543820858,64,124,64.0,124.0
124,1,cursor,2,False,140,0,0,-339.357688302,284.754911091,2.07113409042,64,124,64.0,124.0
125,1,cursor,2,False,140,0,0,-339.357688302,284.754911091,2.08764004707,65,124,65.0,124.0
126,1,cursor,2,False,140,0,0,-339.357688302,284.754911091,2.10361909866,66,124,66.0,124.0
127,1,cursor,2,False,140,0,0,-339.357688302,284.754911091,2.12157821655,66,124,66.0,124.0
128,1,cursor,2,False,140,0,0,-339.357688302,284.754911091,2.13726806641,66,124,66.0,124.0
129,1,cursor,2,False,140,0,0,-339.357688302,284.754911091,2.15456318855,66,124,66.0,124.0
130,1,cursor,2,False,140,0,0,-339.357688302,284.754911091,2.17042922974,66,124,66.0,124.0
131,1,cursor,2,False,140,0,0,-339.357688302,284.754911091,2.18782615662,66,123,66.0,123.0
132,1,cursor,2,False,140,0,0,-339.357688302,284.754911091,2.20409202576,66,123,66.0,123.0
133,1,cursor,2,False,140,0,0,-339.357688302,284.754911091,2.22116303444,66,123,66.0,123.0
134,1,cursor,2,False,140,0,0,-339.357688302,284.754911091,2.23755908012,66,123,66.0,123.0
135,1,cursor,2,False,140,0,0,-339.357688302,284.754911091,2.25477910042,67,111,67.0,111.0
136,1,cursor,2,False,140,0,0,-339.357688302,284.754911091,2.27092909813,67,96,67.0,96.0
137,1,cursor,2,False,140,0,0,-339.357688302,284.754911091,2.28760004044,67,96,67.0,96.0
138,1,cursor,2,False,140,0,0,-339.357688302,284.754911091,2.30458116531,63,69,63.0,69.0
139,1,cursor,2,False,140,0,0,-339.357688302,284.754911091,2.32063508034,55,49,55.0,49.0
140,1,cursor,2,False,140,0,0,-339.357688302,284.754911091,2.33748817444,51,41,51.0,41.0
141,1,cursor,2,False,140,0,0,-339.357688302,284.754911091,2.35411214828,51,41,51.0,41.0
142,1,cursor,2,False,140,0,0,-339.357688302,284.754911091,2.3709461689,49,37,49.0,37.0
143,1,cursor,2,False,140,0,0,-339.357688302,284.754911091,2.3874270916,49,36,49.0,36.0
144,1,cursor,2,False,140,0,0,-339.357688302,284.754911091,2.40424704552,49,36,49.0,36.0
145,1,cursor,2,False,140,0,0,-339.357688302,284.754911091,2.42102813721,49,36,49.0,36.0
146,1,cursor,2,False,140,0,0,-339.357688302,284.754911091,2.43820905685,49,34,49.0,34.0
147,1,cursor,2,False,140,0,0,-339.357688302,284.754911091,2.4541721344,49,34,49.0,34.0
148,1,cursor,2,False,140,0,0,-339.357688302,284.754911091,2.47141218185,49,32,49.0,32.0
149,1,cursor,2,False,140,0,0,-339.357688302,284.754911091,2.48730301857,49,31,49.0,31.0
150,1,cursor,2,False,140,0,0,-339.357688302,284.754911091,2.50472307205,48,30,48.0,30.0
151,1,cursor,2,False,140,0,0,-339.357688302,284.754911091,2.52041101456,48,30,48.0,30.0
152,1,cursor,2,False,140,0,0,-339.357688302,284.754911091,2.53816819191,48,30,48.0,30.0
153,1,cursor,2,False,140,0,0,-339.357688302,284.754911091,2.55380105972,33,26,33.0,26.0
154,1,cursor,2,False,140,0,0,-339.357688302,284.754911091,2.5714571476,33,26,33.0,26.0
155,1,cursor,2,False,140,0,0,-339.357688302,284.754911091,2.58740305901,22,24,22.0,24.0
156,1,cursor,2,False,140,0,0,-339.357688302,284.754911091,2.60448718071,15,23,15.0,23.0
157,1,cursor,2,False,140,0,0,-339.357688302,284.754911091,2.62084817886,15,23,15.0,23.0
158,1,cursor,2,False,140,0,0,-339.357688302,284.754911091,2.63757419586,10,22,10.0,22.0
159,1,cursor,2,False,140,0,0,-339.357688302,284.754911091,2.65475511551,6,22,6.0,22.0
160,1,cursor,2,False,140,0,0,-339.357688302,284.754911091,2.67045807838,6,22,6.0,22.0
161,1,cursor,2,False,140,0,0,-339.357688302,284.754911091,2.68768310547,5,22,5.0,22.0
162,1,cursor,2,False,140,0,0,-339.357688302,284.754911091,2.70406007767,4,22,4.0,22.0
163,1,cursor,2,False,140,0,0,-339.357688302,284.754911091,2.72088503838,3,22,3.0,22.0
164,1,cursor,2,False,140,0,0,-339.357688302,284.754911091,2.73787307739,3,22,3.0,22.0
165,1,cursor,2,False,140,0,0,-339.357688302,284.754911091,2.75464200974,2,22,2.0,22.0
166,1,cursor,2,False,140,0,0,-339.357688302,284.754911091,2.77102518082,1,21,1.0,21.0
167,1,cursor,2,False,140,0,0,-339.357688302,284.754911091,2.78735899925,1,21,1.0,21.0
168,1,cursor,2,False,140,0,0,-339.357688302,284.754911091,2.80430912971,0,21,0.0,21.0
169,1,cursor,2,False,140,0,0,-339.357688302,284.754911091,2.82080411911,0,21,0.0,21.0
170,1,cursor,2,False,140,0,0,-339.357688302,284.754911091,2.83735609055,0,21,0.0,21.0
171,1,cursor,2,False,140,0,0,-339.357688302,284.754911091,2.85402917862,0,21,0.0,21.0
172,1,cursor,2,False,140,0,0,-339.357688302,284.754911091,2.87091112137,0,21,0.0,21.0
173,1,cursor,2,False,140,0,0,-339.357688302,284.754911091,2.88792705536,0,21,0.0,21.0
174,1,cursor,2,False,140,0,0,-339.357688302,284.754911091,2.90431523323,0,21,0.0,21.0
175,1,cursor,2,False,140,0,0,-339.357688302,284.754911091,2.92132306099,0,21,0.0,21.0
176,1,cursor,2,False,140,0,0,-339.357688302,284.754911091,2.9376411438,0,21,0.0,21.0
177,1,cursor,2,False,140,0,0,-339.357688302,284.754911091,2.95433211327,0,21,0.0,21.0
178,1,cursor,2,False,140,0,0,-339.357688302,284.754911091,2.97100019455,0,21,0.0,21.0
179,1,cursor,2,False,140,0,0,-339.357688302,284.754911091,2.9877011776,0,21,0.0,21.0
180,1,cursor,2,False,140,0,0,-339.357688302,284.754911091,3.00432801247,0,21,0.0,21.0
181,1,cursor,2,False,140,0,0,-339.357688302,284.754911091,3.02103805542,0,21,0.0,21.0
182,1,cursor,2,False,140,0,0,-339.357688302,284.754911091,3.03745508194,0,21,0.0,21.0
183,1,cursor,2,False,140,0,0,-339.357688302,284.754911091,3.05496907234,0,21,0.0,21.0
184,1,cursor,2,False,140,0,0,-339.357688302,284.754911091,3.07090520859,0,21,0.0,21.0
185,1,cursor,2,False,140,0,0,-339.357688302,284.754911091,3.08750200272,0,21,0.0,21.0
186,1,cursor,2,False,140,0,0,-339.357688302,284.754911091,3.10418820381,0,21,0.0,21.0
187,1,cursor,2,False,140,0,0,-339.357688302,284.754911091,3.12144517899,0,21,0.0,21.0
188,1,cursor,2,False,140,0,0,-339.357688302,284.754911091,3.13728523254,0,21,0.0,21.0
189,1,cursor,2,False,140,0,0,-339.357688302,284.754911091,3.15410113335,0,21,0.0,21.0
190,1,cursor,2,False,140,0,0,-339.357688302,284.754911091,3.17072105408,0,21,0.0,21.0
191,1,cursor,2,False,140,0,0,-339.357688302,284.754911091,3.18813300133,0,21,0.0,21.0
192,1,cursor,2,False,140,0,0,-339.357688302,284.754911091,3.20393300056,0,21,0.0,21.0
193,1,cursor,2,False,140,0,0,-339.357688302,284.754911091,3.22093701363,0,21,0.0,21.0
194,1,cursor,2,False,140,0,0,-339.357688302,284.754911091,3.23703503609,0,21,0.0,21.0
195,1,cursor,2,False,140,0,0,-339.357688302,284.754911091,3.25555920601,0,17,0.0,17.0
196,1,cursor,2,False,140,0,0,-339.357688302,284.754911091,3.27057814598,0,13,0.0,13.0
197,1,cursor,2,False,140,0,0,-339.357688302,284.754911091,3.28728103638,0,13,0.0,13.0
198,1,cursor,2,False,140,0,0,-339.357688302,284.754911091,3.30381202698,0,10,0.0,10.0
199,1,cursor,2,False,140,0,0,-339.357688302,284.754911091,3.3212480545,1,7,1.0,7.0
200,1,cursor,2,False,140,0,0,-339.357688302,284.754911091,3.33694815636,1,6,1.0,6.0
201,1,cursor,2,False,140,0,0,-339.357688302,284.754911091,3.35448217392,1,6,1.0,6.0
0,1,cursor,3,False,90,0,0,1.67164288084e-14,273.0,0.00253295898438,2,4,2.0,4.0
1,1,cursor,3,False,90,0,0,1.67164288084e-14,273.0,0.0186970233917,2,3,2.0,3.0
2,1,cursor,3,False,90,0,0,1.67164288084e-14,273.0,0.0356800556183,2,3,2.0,3.0
3,1,cursor,3,False,90,0,0,1.67164288084e-14,273.0,0.0523240566254,3,1,3.0,1.0
4,1,cursor,3,False,90,0,0,1.67164288084e-14,273.0,0.0688400268555,3,0,3.0,0.0
5,1,cursor,3,False,90,0,0,1.67164288084e-14,273.0,0.0856921672821,3,0,3.0,0.0
6,1,cursor,3,False,90,0,0,1.67164288084e-14,273.0,0.102319002151,3,-1,3.0,-1.0
7,1,cursor,3,False,90,0,0,1.67164288084e-14,273.0,0.118781089783,3,-3,3.0,-3.0
8,1,cursor,3,False,90,0,0,1.67164288084e-14,273.0,0.135494947433,3,-4,3.0,-4.0
9,1,cursor,3,False,90,0,0,1.67164288084e-14,273.0,0.151819944382,3,-4,3.0,-4.0
10,1,cursor,3,False,90,0,0,1.67164288084e-14,273.0,0.168585062027,3,-4,3.0,-4.0
11,1,cursor,3,False,90,0,0,1.67164288084e-14,273.0,0.185805082321,3,-4,3.0,-4.0
12,1,cursor,3,False,90,0,0,1.67164288084e-14,273.0,0.202144145966,3,-4,3.0,-4.0
13,1,cursor,3,False,90,0,0,1.67164288084e-14,273.0,0.218929052353,3,-4,3.0,-4.0
14,1,cursor,3,False,90,0,0,1.67164288084e-14,273.0,0.235712051392,3,-4,3.0,-4.0
15,1,cursor,3,False,90,0,0,1.67164288084e-14,273.0,0.251997947693,3,-4,3.0,-4.0
16,1,cursor,3,False,90,0,0,1.67164288084e-14,273.0,0.269124984741,3,-4,3.0,-4.0
17,1,cursor,3,False,90,0,0,1.67164288084e-14,273.0,0.285654067993,3,-4,3.0,-4.0
18,1,cursor,3,False,90,0,0,1.67164288084e-14,273.0,0.302536964417,3,-4,3.0,-4.0
19,1,cursor,3,False,90,0,0,1.67164288084e-14,273.0,0.319060087204,3,-4,3.0,-4.0
20,1,cursor,3,False,90,0,0,1.67164288084e-14,273.0,0.335662126541,3,-4,3.0,-4.0
21,1,cursor,3,False,90,0,0,1.67164288084e-14,273.0,0.35215306282,3,-4,3.0,-4.0
22,1,cursor,3,False,90,0,0,1.67164288084e-14,273.0,0.369388103485,3,-4,3.0,-4.0
23,1,cursor,3,False,90,0,0,1.67164288084e-14,273.0,0.385647058487,3,-4,3.0,-4.0
24,1,cursor,3,False,90,0,0,1.67164288084e-14,273.0,0.401757001877,3,-4,3.0,-4.0
25,1,cursor,3,False,90,0,0,1.67164288084e-14,273.0,0.419355154037,3,-4,3.0,-4.0
26,1,cursor,3,False,90,0,0,1.67164288084e-14,273.0,0.435431003571,3,-4,3.0,-4.0
27,1,cursor,3,False,90,0,0,1.67164288084e-14,273.0,0.452506065369,3,-4,3.0,-4.0
28,1,cursor,3,False,90,0,0,1.67164288084e-14,273.0,0.468724966049,3,-4,3.0,-4.0
29,1,cursor,3,False,90,0,0,1.67164288084e-14,273.0,0.486150026321,3,-4,3.0,-4.0
30,1,cursor,3,False,90,0,0,1.67164288084e-14,273.0,0.502062082291,3,-4,3.0,-4.0
31,1,cursor,3,False,90,0,0,1.67164288084e-14,273.0,0.518871068954,3,-4,3.0,-4.0
32,1,cursor,3,False,90,0,0,1.67164288084e-14,273.0,0.535552978516,3,-4,3.0,-4.0
33,1,cursor,3,False,90,0,0,1.67164288084e-14,273.0,0.552865028381,3,-4,3.0,-4.0
34,1,cursor,3,False,90,0,0,1.67164288084e-14,273.0,0.568750143051,3,7,3.0,7.0
35,1,cursor,3,False,90,0,0,1.67164288084e-14,273.0,0.585786104202,3,41,3.0,41.0
36,1,cursor,3,False,90,0,0,1.67164288084e-14,273.0,0.602159023285,3,41,3.0,41.0
37,1,cursor,3,False,90,0,0,1.67164288084e-14,273.0,0.619364976883,3,95,3.0,95.0
38,1,cursor,3,False,90,0,0,1.67164288084e-14,273.0,0.635349035263,3,144,3.0,144.0
39,1,cursor,3,False,90,0,0,1.67164288084e-14,273.0,0.652331113815,3,144,3.0,144.0
40,1,cursor,3,False,90,0,0,1.67164288084e-14,273.0,0.668364048004,3,192,3.0,192.0
41,1,cursor,3,False,90,0,0,1.67164288084e-14,273.0,0.685553073883,2,237,2.0,237.0
42,1,cursor,3,False,90,0,0,1.67164288084e-14,273.0,0.702357053757,2,237,2.0,237.0
43,1,cursor,3,False,90,0,0,1.67164288084e-14,273.0,0.718593120575,0,276,0.0,276.0
44,1,cursor,3,False,90,0,0,1.67164288084e-14,273.0,0.735527992249,0,304,0.0,304.0
45,1,cursor,3,False,90,0,0,1.67164288084e-14,273.0,0.752251148224,-1,319,-1.0,319.0
46,1,cursor,3,False,90,0,0,1.67164288084e-14,273.0,0.769284009933,-1,319,-1.0,319.0
47,1,cursor,3,False,90,0,0,1.67164288084e-14,273.0,0.785519123077,-1,327,-1.0,327.0
48,1,cursor,3,False,90,0,0,1.67164288084e-14,273.0,0.802078962326,-1,329,-1.0,329.0
49,1,cursor,3,False,90,0,0,1.67164288084e-14,273.0,0.818784952164,-1,329,-1.0,329.0
50,1,cursor,3,False,90,0,0,1.67164288084e-14,273.0,0.835800170898,-1,330,-1.0,330.0
51,1,cursor,3,False,90,0,0,1.67164288084e-14,273.0,0.852337121964,-1,331,-1.0,331.0
52,1,cursor,3,False,90,0,0,1.67164288084e-14,273.0,0.868935108185,-1,331,-1.0,331.0
53,1,cursor,3,False,90,0,0,1.67164288084e-14,273.0,0.88553404808,-1,331,-1.0,331.0
54,1,cursor,3,False,90,0,0,1.67164288084e-14,273.0,0.901790142059,-1,331,-1.0,331.0
55,1,cursor,3,False,90,0,0,1.67164288084e-14,273.0,0.919444084167,-1,331,-1.0,331.0
56,1,cursor,3,False,90,0,0,1.67164288084e-14,273.0,0.935366153717,-1,331,-1.0,331.0
57,1,cursor,3,False,90,0,0,1.67164288084e-14,273.0,0.9518699646,-1,331,-1.0,331.0
58,1,cursor,3,False,90,0,0,1.67164288084e-14,273.0,0.969113111496,-1,332,-1.0,332.0
59,1,cursor,3,False,90,0,0,1.67164288084e-14,273.0,0.985507011414,-1,332,-1.0,332.0
60,1,cursor,3,False,90,0,0,1.67164288084e-14,273.0,1.00234913826,-1,332,-1.0,332.0
61,1,cursor,3,False,90,0,0,1.67164288084e-14,273.0,1.0185379982,-1,332,-1.0,332.0
62,1,cursor,3,False,90,0,0,1.67164288084e-14,273.0,1.03573203087,-1,328,-1.0,328.0
63,1,cursor,3,False,90,0,0,1.67164288084e-14,273.0,1.05194616318,-1,328,-1.0,328.0
64,1,cursor,3,False,90,0,0,1.67164288084e-14,273.0,1.06921100616,-1,322,-1.0,322.0
65,1,cursor,3,False,90,0,0,1.67164288084e-14,273.0,1.08514904976,-1,319,-1.0,319.0
66,1,cursor,3,False,90,0,0,1.67164288084e-14,273.0,1.10230207443,-1,319,-1.0,319.0
67,1,cursor,3,False,90,0,0,1.67164288084e-14,273.0,1.11851096153,-1,317,-1.0,317.0
68,1,cursor,3,False,90,0,0,1.67164288084e-14,273.0,1.13555502892,-1,317,-1.0,317.0
69,1,cursor,3,False,90,0,0,1.67164288084e-14,273.0,1.15191507339,-1,317,-1.0,317.0
70,1,cursor,3,False,90,0,0,1.67164288084e-14,273.0,1.16935515404,-1,316,-1.0,316.0
71,1,cursor,3,False,90,0,0,1.67164288084e-14,273.0,1.18521809578,-1,316,-1.0,316.0
72,1,cursor,3,False,90,0,0,1.67164288084e-14,273.0,1.20195007324,-1,315,-1.0,315.0
73,1,cursor,3,False,90,0,0,1.67164288084e-14,273.0,1.21867012978,-1,315,-1.0,315.0
74,1,cursor,3,False,90,0,0,1.67164288084e-14,273.0,1.23538613319,-1,315,-1.0,315.0
75,1,cursor,3,False,90,0,0,1.67164288084e-14,273.0,1.25204706192,-1,308,-1.0,308.0
76,1,cursor,3,False,90,0,0,1.67164288084e-14,273.0,1.26839613914,-1,308,-1.0,308.0
77,1,cursor,3,False,90,0,0,1.67164288084e-14,273.0,1.28569602966,-1,305,-1.0,305.0
78,1,cursor,3,False,90,0,0,1.67164288084e-14,273.0,1.30221509933,-1,303,-1.0,303.0
79,1,cursor,3,False,90,0,0,1.67164288084e-14,273.0,1.31881308556,-1,303,-1.0,303.0
80,1,cursor,3,False,90,0,0,1.67164288084e-14,273.0,1.33533000946,-1,302,-1.0,302.0
81,1,cursor,3,False,90,0,0,1.67164288084e-14,273.0,1.35296916962,-1,301,-1.0,301.0
82,1,cursor,3,False,90,0,0,1.67164288084e-14,273.0,1.36918902397,-1,301,-1.0,301.0
83,1,cursor,3,False,90,0,0,1.67164288084e-14,273.0,1.38525915146,-1,301,-1.0,301.0
84,1,cursor,3,False,90,0,0,1.67164288084e-14,273.0,1.40217804909,-1,294,-1.0,294.0
85,1,cursor,3,False,90,0,0,1.67164288084e-14,273.0,1.41859412193,-1,289,-1.0,289.0
86,1,cursor,3,False,90,0,0,1.67164288084e-14,273.0,1.43590211868,-1,289,-1.0,289.0
87,1,cursor,3,False,90,0,0,1.67164288084e-14,273.0,1.45195817947,-1,286,-1.0,286.0
88,1,cursor,3,False,90,0,0,1.67164288084e-14,273.0,1.46882915497,-1,284,-1.0,284.0
89,1,cursor,3,False,90,0,0,1.67164288084e-14,273.0,1.4847741127,-1,284,-1.0,284.0
90,1,cursor,3,False,90,0,0,1.67164288084e-14,273.0,1.50206899643,-1,284,-1.0,284.0
91,1,cursor,3,False,90,0,0,1.67164288084e-14,273.0,1.51849412918,-1,283,-1.0,283.0
92,1,cursor,3,False,90,0,0,1.67164288084e-14,273.0,1.53544211388,-1,283,-1.0,283.0
93,1,cursor,3,False,90,0,0,1.67164288084e-14,273.0,1.55184412003,-1,283,-1.0,283.0
94,1,cursor,3,False,90,0,0,1.67164288084e-14,273.0,1.56893897057,-1,283,-1.0,283.0
95,1,cursor,3,False,90,0,0,1.67164288084e-14,273.0,1.58540701866,-1,282,-1.0,282.0
96,1,cursor,3,False,90,0,0,1.67164288084e-14,273.0,1.60189008713,-1,282,-1.0,282.0
97,1,cursor,3,False,90,0,0,1.67164288084e-14,273.0,1.61879897118,-1,282,-1.0,282.0
98,1,cursor,3,False,90,0,0,1.67164288084e-14,273.0,1.63562011719,-1,282,-1.0,282.0
99,1,cursor,3,False,90,0,0,1.67164288084e-14,273.0,1.65277600288,-1,282,-1.0,282.0
100,1,cursor,3,False,90,0,0,1.67164288084e-14,273.0,1.66875100136,-1,271,-1.0,271.0
101,1,cursor,3,False,90,0,0,1.67164288084e-14,273.0,1.68554902077,-1,265,-1.0,265.0
102,1,cursor,3,False,90,0,0,1.67164288084e-14,273.0,1.70188808441,-1,263,-1.0,263.0
103,1,cursor,3,False,90,0,0,1.67164288084e-14,273.0,1.71860909462,-1,263,-1.0,263.0
104,1,cursor,3,False,90,0,0,1.67164288084e-14,273.0,1.73514294624,-1,262,-1.0,262.0
105,1,cursor,3,False,90,0,0,1.67164288084e-14,273.0,1.7518529892,0,261,0.0,261.0
106,1,cursor,3,False,90,0,0,1.67164288084e-14,273.0,1.76904511452,0,261,0.0,261.0
107,1,cursor,3,False,90,0,0,1.67164288084e-14,273.0,1.78563117981,0,261,0.0,261.0
108,1,cursor,3,False,90,0,0,1.67164288084e-14,273.0,1.80173897743,0,261,0.0,261.0
109,1,cursor,3,False,90,0,0,1.67164288084e-14,273.0,1.81826114655,0,261,0.0,261.0
110,1,cursor,3,False,90,0,0,1.67164288084e-14,273.0,1.83520412445,0,261,0.0,261.0
111,1,cursor,3,False,90,0,0,1.67164288084e-14,273.0,1.85204696655,0,260,0.0,260.0
112,1,cursor,3,False,90,0,0,1.67164288084e-14,273.0,1.86847114563,0,260,0.0,260.0
113,1,cursor,3,False,90,0,0,1.67164288084e-14,273.0,1.88566207886,0,260,0.0,260.0
114,1,cursor,3,False,90,0,0,1.67164288084e-14,273.0,1.9017970562,0,260,0.0,260.0
115,1,cursor,3,False,90,0,0,1.67164288084e-14,273.0,1.91892004013,0,260,0.0,260.0
116,1,cursor,3,False,90,0,0,1.67164288084e-14,273.0,1.93487596512,0,260,0.0,260.0
117,1,cursor,3,False,90,0,0,1.67164288084e-14,273.0,1.95223212242,0,260,0.0,260.0
118,1,cursor,3,False,90,0,0,1.67164288084e-14,273.0,1.96847009659,0,260,0.0,260.0
119,1,cursor,3,False,90,0,0,1.67164288084e-14,273.0,1.9856801033,0,260,0.0,260.0
120,1,cursor,3,False,90,0,0,1.67164288084e-14,273.0,2.00163602829,0,260,0.0,260.0
121,1,cursor,3,False,90,0,0,1.67164288084e-14,273.0,2.01869297028,0,260,0.0,260.0
122,1,cursor,3,False,90,0,0,1.67164288084e-14,273.0,2.0354411602,0,260,0.0,260.0
123,1,cursor,3,False,90,0,0,1.67164288084e-14,273.0,2.0517411232,0,260,0.0,260.0
124,1,cursor,3,False,90,0,0,1.67164288084e-14,273.0,2.06940603256,5,225,5.0,225.0
125,1,cursor,3,False,90,0,0,1.67164288084e-14,273.0,2.08501601219,17,152,17.0,152.0
126,1,cursor,3,False,90,0,0,1.67164288084e-14,273.0,2.10189008713,17,152,17.0,152.0
127,1,cursor,3,False,90,0,0,1.67164288084e-14,273.0,2.11923909187,26,95,26.0,95.0
128,1,cursor,3,False,90,0,0,1.67164288084e-14,273.0,2.13555407524,26,95,26.0,95.0
129,1,cursor,3,False,90,0,0,1.67164288084e-14,273.0,2.15192699432,26,95,26.0,95.0
130,1,cursor,3,False,90,0,0,1.67164288084e-14,273.0,2.16875910759,26,95,26.0,95.0
131,1,cursor,3,False,90,0,0,1.67164288084e-14,273.0,2.18515515327,26,95,26.0,95.0
132,1,cursor,3,False,90,0,0,1.67164288084e-14,273.0,2.20169401169,26,95,26.0,95.0
133,1,cursor,3,False,90,0,0,1.67164288084e-14,273.0,2.21869397163,26,95,26.0,95.0
134,1,cursor,3,False,90,0,0,1.67164288084e-14,273.0,2.23549103737,26,95,26.0,95.0
135,1,cursor,3,False,90,0,0,1.67164288084e-14,273.0,2.25169205666,26,95,26.0,95.0
136,1,cursor,3,False,90,0,0,1.67164288084e-14,273.0,2.26947712898,26,95,26.0,95.0
137,1,cursor,3,False,90,0,0,1.67164288084e-14,273.0,2.2849240303,26,95,26.0,95.0
138,1,cursor,3,False,90,0,0,1.67164288084e-14,273.0,2.30163002014,26,95,26.0,95.0
139,1,cursor,3,False,90,0,0,1.67164288084e-14,273.0,2.31837916374,26,95,26.0,95.0
140,1,cursor,3,False,90,0,0,1.67164288084e-14,273.0,2.33530712128,26,95,26.0,95.0
141,1,cursor,3,False,90,0,0,1.67164288084e-14,273.0,2.35176706314,26,86,26.0,86.0
142,1,cursor,3,False,90,0,0,1.67164288084e-14,273.0,2.36863517761,26,78,26.0,78.0
143,1,cursor,3,False,90,0,0,1.67164288084e-14,273.0,2.38506698608,26,78,26.0,78.0
144,1,cursor,3,False,90,0,0,1.67164288084e-14,273.0,2.40225815773,26,71,26.0,71.0
145,1,cursor,3,False,90,0,0,1.67164288084e-14,273.0,2.41840100288,26,62,26.0,62.0
146,1,cursor,3,False,90,0,0,1.67164288084e-14,273.0,2.43524217606,26,62,26.0,62.0
147,1,cursor,3,False,90,0,0,1.67164288084e-14,273.0,2.4516210556,26,55,26.0,55.0
148,1,cursor,3,False,90,0,0,1.67164288084e-14,273.0,2.46844816208,26,49,26.0,49.0
149,1,cursor,3,False,90,0,0,1.67164288084e-14,273.0,2.48530507088,26,43,26.0,43.0
150,1,cursor,3,False,90,0,0,1.67164288084e-14,273.0,2.50162005424,26,43,26.0,43.0
151,1,cursor,3,False,90,0,0,1.67164288084e-14,273.0,2.51868200302,26,36,26.0,36.0
152,1,cursor,3,False,90,0,0,1.67164288084e-14,273.0,2.53523516655,26,29,26.0,29.0
153,1,cursor,3,False,90,0,0,1.67164288084e-14,273.0,2.55150699615,26,29,26.0,29.0
154,1,cursor,3,False,90,0,0,1.67164288084e-14,273.0,2.56904911995,25,25,25.0,25.0
155,1,cursor,3,False,90,0,0,1.67164288084e-14,273.0,2.58493208885,25,22,25.0,22.0
156,1,cursor,3,False,90,0,0,1.67164288084e-14,273.0,2.60249209404,25,19,25.0,19.0
157,1,cursor,3,False,90,0,0,1.67164288084e-14,273.0,2.61880612373,25,19,25.0,19.0
158,1,cursor,3,False,90,0,0,1.67164288084e-14,273.0,2.63460302353,24,17,24.0,17.0
159,1,cursor,3,False,90,0,0,1.67164288084e-14,273.0,2.65175199509,23,16,23.0,16.0
160,1,cursor,3,False,90,0,0,1.67164288084e-14,273.0,2.66854214668,23,16,23.0,16.0
161,1,cursor,3,False,90,0,0,1.67164288084e-14,273.0,2.68526911736,23,16,23.0,16.0
162,1,cursor,3,False,90,0,0,1.67164288084e-14,273.0,2.70238113403,21,13,21.0,13.0
163,1,cursor,3,False,90,0,0,1.67164288084e-14,273.0,2.71843099594,21,13,21.0,13.0
164,1,cursor,3,False,90,0,0,1.67164288084e-14,273.0,2.73547196388,17,8,17.0,8.0
165,1,cursor,3,False,90,0,0,1.67164288084e-14,273.0,2.75191402435,13,4,13.0,4.0
166,1,cursor,3,False,90,0,0,1.67164288084e-14,273.0,2.76827406883,10,1,10.0,1.0
167,1,cursor,3,False,90,0,0,1.67164288084e-14,273.0,2.78475117683,10,1,10.0,1.0
168,1,cursor,3,False,90,0,0,1.67164288084e-14,273.0,2.80116915703,7,0,7.0,0.0
169,1,cursor,3,False,90,0,0,1.67164288084e-14,273.0,2.81830215454,6,-1,6.0,-1.0
170,1,cursor,3,False,90,0,0,1.67164288084e-14,273.0,2.83468103409,6,-1,6.0,-1.0
